datetime,open,high,low,close
2022-08-29 23:45:00,138.697,138.712,138.59,138.65
2022-08-30 00:00:00,138.652,138.672,138.55,138.644
2022-08-30 00:15:00,138.644,138.673,138.46,138.537
2022-08-30 00:30:00,138.53,138.549,138.41,138.48
2022-08-30 00:45:00,138.479,138.587,138.43,138.566
2022-08-30 01:00:00,138.565,138.588,138.41,138.492
2022-08-30 01:15:00,138.493,138.574,138.43,138.477
2022-08-30 01:30:00,138.478,138.553,138.35,138.51
2022-08-30 01:45:00,138.519,138.565,138.41,138.537
2022-08-30 02:00:00,138.537,138.655,138.51,138.602
2022-08-30 02:15:00,138.599,138.677,138.53,138.594
2022-08-30 02:30:00,138.59,138.631,138.53,138.57
2022-08-30 02:45:00,138.575,138.619,138.53,138.612
2022-08-30 03:00:00,138.6,138.627,138.53,138.572
2022-08-30 03:15:00,138.571,138.586,138.52,138.581
2022-08-30 03:30:00,138.578,138.62,138.52,138.564
2022-08-30 03:45:00,138.569,138.615,138.47,138.505
2022-08-30 04:00:00,138.504,138.595,138.47,138.57
2022-08-30 04:15:00,138.574,138.596,138.52,138.568
2022-08-30 04:30:00,138.567,138.567,138.45,138.536
2022-08-30 04:45:00,138.534,138.552,138.32,138.442
2022-08-30 05:00:00,138.442,138.514,138.41,138.485
2022-08-30 05:15:00,138.485,138.495,138.38,138.477
2022-08-30 05:30:00,138.476,138.505,138.39,138.43
2022-08-30 05:45:00,138.43,138.452,138.37,138.401
2022-08-30 06:00:00,138.397,138.499,138.36,138.474
2022-08-30 06:15:00,138.476,138.555,138.41,138.498
2022-08-30 06:30:00,138.498,138.562,138.43,138.51
2022-08-30 06:45:00,138.512,138.661,138.44,138.633
2022-08-30 07:00:00,138.634,138.646,138.42,138.477
2022-08-30 07:15:00,138.479,138.548,138.4,138.476
2022-08-30 07:30:00,138.472,138.595,138.44,138.586
2022-08-30 07:45:00,138.588,138.639,138.4,138.454
2022-08-30 08:00:00,138.45,138.5,138.39,138.455
2022-08-30 08:15:00,138.453,138.46,138.26,138.299
2022-08-30 08:30:00,138.297,138.309,138.11,138.17
2022-08-30 08:45:00,138.179,138.321,138.15,138.302
2022-08-30 09:00:00,138.301,138.318,138.22,138.279
2022-08-30 09:15:00,138.279,138.35,138.25,138.31
2022-08-30 09:30:00,138.31,138.335,138.2,138.32
2022-08-30 09:45:00,138.32,138.342,138.23,138.329
2022-08-30 10:00:00,138.333,138.387,138.29,138.342
2022-08-30 10:15:00,138.34,138.379,138.27,138.304
2022-08-30 10:30:00,138.304,138.346,138.22,138.263
2022-08-30 10:45:00,138.258,138.311,138.2,138.276
2022-08-30 11:00:00,138.279,138.331,138.21,138.253
2022-08-30 11:15:00,138.253,138.267,138.02,138.072
2022-08-30 11:30:00,138.069,138.143,138.02,138.124
2022-08-30 11:45:00,138.12,138.234,138.08,138.202
2022-08-30 12:00:00,138.206,138.267,138.16,138.198
2022-08-30 12:15:00,138.198,138.309,138.16,138.229
2022-08-30 12:30:00,138.234,138.367,138.18,138.316
2022-08-30 12:45:00,138.318,138.463,138.28,138.409
2022-08-30 13:00:00,138.405,138.501,138.36,138.493
2022-08-30 13:15:00,138.491,138.561,138.4,138.439
2022-08-30 13:30:00,138.445,138.537,138.42,138.475
2022-08-30 13:45:00,138.474,138.491,138.21,138.265
2022-08-30 14:00:00,138.276,138.391,138.14,138.386
2022-08-30 14:15:00,138.383,138.606,138.36,138.559
2022-08-30 14:30:00,138.55,138.792,138.54,138.777
2022-08-30 14:45:00,138.777,138.999,138.74,138.989
2022-08-30 15:00:00,138.993,139.08,138.86,138.886
2022-08-30 15:15:00,138.885,138.956,138.78,138.918
2022-08-30 15:30:00,138.914,138.921,138.67,138.723
2022-08-30 15:45:00,138.723,138.768,138.58,138.69
2022-08-30 16:00:00,138.69,138.791,138.62,138.728
2022-08-30 16:15:00,138.726,138.772,138.63,138.75
2022-08-30 16:30:00,138.744,138.773,138.69,138.72
2022-08-30 16:45:00,138.723,138.739,138.65,138.729
2022-08-30 17:00:00,138.72,138.755,138.62,138.691
2022-08-30 17:15:00,138.689,138.734,138.64,138.72
2022-08-30 17:30:00,138.727,138.77,138.69,138.765
2022-08-30 17:45:00,138.764,138.769,138.67,138.72
2022-08-30 18:00:00,138.721,138.757,138.68,138.743
2022-08-30 18:15:00,138.744,138.748,138.65,138.67
2022-08-30 18:30:00,138.679,138.695,138.6,138.627
2022-08-30 18:45:00,138.624,138.676,138.58,138.675
2022-08-30 19:00:00,138.671,138.683,138.61,138.654
2022-08-30 19:15:00,138.653,138.682,138.61,138.66
2022-08-30 19:30:00,138.664,138.742,138.64,138.733
2022-08-30 19:45:00,138.733,138.799,138.71,138.747
2022-08-30 20:00:00,138.73,138.752,138.65,138.725
2022-08-30 20:15:00,138.725,138.771,138.69,138.726
2022-08-30 20:30:00,138.724,138.812,138.7,138.8
2022-08-30 20:45:00,138.799,138.816,138.76,138.799
2022-08-30 21:00:00,138.8,138.812,138.767,138.792
2022-08-30 21:15:00,138.784,138.8,138.683,138.768
2022-08-30 21:30:00,138.769,138.79,138.737,138.768
2022-08-30 21:45:00,138.766,138.784,138.753,138.773
2022-08-30 22:00:00,138.772,138.783,138.688,138.752
2022-08-30 22:15:00,138.761,138.791,138.73,138.783
2022-08-30 22:30:00,138.785,138.801,138.73,138.785
2022-08-30 22:45:00,138.786,138.79,138.72,138.751
2022-08-30 23:00:00,138.757,138.793,138.73,138.787
2022-08-30 23:15:00,138.788,138.845,138.77,138.824
2022-08-30 23:30:00,138.818,138.826,138.75,138.774
2022-08-30 23:45:00,138.774,138.786,138.72,138.744
2022-08-31 00:00:00,138.744,138.77,138.67,138.76
2022-08-31 00:15:00,138.757,138.795,138.59,138.63
2022-08-31 00:30:00,138.633,138.689,138.53,138.568
2022-08-31 00:45:00,138.57,138.592,138.41,138.494
2022-08-31 01:00:00,138.496,138.647,138.43,138.628
2022-08-31 01:15:00,138.629,138.651,138.45,138.53
2022-08-31 01:30:00,138.533,138.586,138.46,138.518
2022-08-31 01:45:00,138.52,138.604,138.48,138.599
2022-08-31 02:00:00,138.6,138.64,138.52,138.555
2022-08-31 02:15:00,138.558,138.599,138.51,138.554
2022-08-31 02:30:00,138.56,138.594,138.45,138.544
2022-08-31 02:45:00,138.54,138.546,138.39,138.475
2022-08-31 03:00:00,138.476,138.537,138.42,138.516
2022-08-31 03:15:00,138.52,138.554,138.44,138.541
2022-08-31 03:30:00,138.545,138.586,138.51,138.564
2022-08-31 03:45:00,138.565,138.604,138.53,138.593
2022-08-31 04:00:00,138.587,138.624,138.52,138.596
2022-08-31 04:15:00,138.597,138.623,138.51,138.567
2022-08-31 04:30:00,138.566,138.574,138.47,138.5
2022-08-31 04:45:00,138.505,138.528,138.3,138.447
2022-08-31 05:00:00,138.447,138.488,138.41,138.462
2022-08-31 05:15:00,138.468,138.488,138.38,138.443
2022-08-31 05:30:00,138.443,138.488,138.4,138.437
2022-08-31 05:45:00,138.432,138.479,138.39,138.445
2022-08-31 06:00:00,138.445,138.459,138.34,138.416
2022-08-31 06:15:00,138.419,138.497,138.37,138.492
2022-08-31 06:30:00,138.489,138.528,138.43,138.481
2022-08-31 06:45:00,138.482,138.498,138.36,138.384
2022-08-31 07:00:00,138.386,138.422,138.26,138.313
2022-08-31 07:15:00,138.313,138.413,138.24,138.377
2022-08-31 07:30:00,138.379,138.518,138.34,138.507
2022-08-31 07:45:00,138.51,138.566,138.45,138.562
2022-08-31 08:00:00,138.561,138.607,138.51,138.603
2022-08-31 08:15:00,138.597,138.62,138.5,138.587
2022-08-31 08:30:00,138.583,138.744,138.54,138.726
2022-08-31 08:45:00,138.728,138.78,138.67,138.724
2022-08-31 09:00:00,138.725,138.757,138.54,138.579
2022-08-31 09:15:00,138.583,138.697,138.56,138.657
2022-08-31 09:30:00,138.656,138.72,138.61,138.711
2022-08-31 09:45:00,138.715,138.789,138.68,138.741
2022-08-31 10:00:00,138.74,138.846,138.71,138.832
2022-08-31 10:15:00,138.831,138.883,138.75,138.78
2022-08-31 10:30:00,138.782,138.834,138.73,138.803
2022-08-31 10:45:00,138.804,138.895,138.78,138.83
2022-08-31 11:00:00,138.827,138.844,138.69,138.724
2022-08-31 11:15:00,138.723,138.778,138.65,138.74
2022-08-31 11:30:00,138.71,138.787,138.66,138.693
2022-08-31 11:45:00,138.69,138.741,138.62,138.74
2022-08-31 12:00:00,138.735,138.797,138.7,138.749
2022-08-31 12:15:00,138.749,138.765,138.68,138.7
2022-08-31 12:30:00,138.703,138.775,138.44,138.743
2022-08-31 12:45:00,138.745,138.757,138.61,138.682
2022-08-31 13:00:00,138.685,138.717,138.53,138.59
2022-08-31 13:15:00,138.596,138.651,138.46,138.55
2022-08-31 13:30:00,138.554,138.757,138.52,138.752
2022-08-31 13:45:00,138.75,138.826,138.69,138.766
2022-08-31 14:00:00,138.766,138.853,138.67,138.784
2022-08-31 14:15:00,138.784,138.848,138.71,138.745
2022-08-31 14:30:00,138.746,138.804,138.68,138.747
2022-08-31 14:45:00,138.753,138.796,138.55,138.583
2022-08-31 15:00:00,138.584,138.667,138.42,138.621
2022-08-31 15:15:00,138.624,138.728,138.5,138.715
2022-08-31 15:30:00,138.719,138.741,138.53,138.623
2022-08-31 15:45:00,138.622,138.696,138.55,138.599
2022-08-31 16:00:00,138.598,138.712,138.55,138.705
2022-08-31 16:15:00,138.713,138.74,138.65,138.684
2022-08-31 16:30:00,138.69,138.753,138.65,138.723
2022-08-31 16:45:00,138.726,138.748,138.64,138.738
2022-08-31 17:00:00,138.737,138.748,138.67,138.708
2022-08-31 17:15:00,138.708,138.747,138.68,138.731
2022-08-31 17:30:00,138.732,138.746,138.69,138.722
2022-08-31 17:45:00,138.726,138.804,138.71,138.75
2022-08-31 18:00:00,138.781,138.789,138.73,138.76
2022-08-31 18:15:00,138.764,138.778,138.69,138.726
2022-08-31 18:30:00,138.723,138.736,138.66,138.696
2022-08-31 18:45:00,138.697,138.736,138.64,138.67
2022-08-31 19:00:00,138.671,138.731,138.61,138.723
2022-08-31 19:15:00,138.722,138.826,138.67,138.812
2022-08-31 19:30:00,138.81,138.815,138.72,138.765
2022-08-31 19:45:00,138.765,138.863,138.74,138.809
2022-08-31 20:00:00,138.81,138.953,138.78,138.917
2022-08-31 20:15:00,138.912,138.979,138.87,138.972
2022-08-31 20:30:00,138.973,138.988,138.93,138.975
2022-08-31 20:45:00,138.976,139.004,138.92,138.968
2022-08-31 21:00:00,138.97,138.973,138.892,138.957
2022-08-31 21:15:00,138.951,138.957,138.73,138.933
2022-08-31 21:30:00,138.947,139.02,138.93,139.009
2022-08-31 21:45:00,139.011,139.036,138.98,139.026
2022-08-31 22:00:00,139.025,139.095,139.01,139.065
2022-08-31 22:15:00,139.069,139.139,139.0,139.085
2022-08-31 22:30:00,139.089,139.101,138.99,139.065
2022-08-31 22:45:00,139.06,139.087,139.01,139.058
2022-08-31 23:00:00,139.062,139.086,139.01,139.072
2022-08-31 23:15:00,139.077,139.214,139.05,139.176
2022-08-31 23:30:00,139.175,139.279,139.15,139.266
2022-08-31 23:45:00,139.273,139.3,139.2,139.268
2022-09-01 00:00:00,139.268,139.444,139.24,139.329
2022-09-01 00:15:00,139.33,139.46,139.26,139.428
2022-09-01 00:30:00,139.432,139.584,139.41,139.542
2022-09-01 00:45:00,139.542,139.579,139.45,139.498
2022-09-01 01:00:00,139.494,139.524,139.35,139.473
2022-09-01 01:15:00,139.475,139.497,139.35,139.464
2022-09-01 01:30:00,139.464,139.498,139.33,139.483
2022-09-01 01:45:00,139.487,139.681,139.45,139.557
2022-09-01 02:00:00,139.555,139.571,139.45,139.502
2022-09-01 02:15:00,139.501,139.545,139.45,139.499
2022-09-01 02:30:00,139.499,139.542,139.42,139.459
2022-09-01 02:45:00,139.459,139.486,139.4,139.468
2022-09-01 03:00:00,139.472,139.517,139.43,139.485
2022-09-01 03:15:00,139.486,139.602,139.43,139.554
2022-09-01 03:30:00,139.561,139.584,139.51,139.54
2022-09-01 03:45:00,139.548,139.624,139.49,139.53
2022-09-01 04:00:00,139.554,139.609,139.49,139.521
2022-09-01 04:15:00,139.522,139.546,139.44,139.534
2022-09-01 04:30:00,139.543,139.575,139.47,139.538
2022-09-01 04:45:00,139.538,139.573,139.46,139.549
2022-09-01 05:00:00,139.547,139.571,139.45,139.504
2022-09-01 05:15:00,139.504,139.515,139.4,139.427
2022-09-01 05:30:00,139.43,139.449,139.36,139.387
2022-09-01 05:45:00,139.391,139.452,139.27,139.35
2022-09-01 06:00:00,139.354,139.399,139.28,139.337
2022-09-01 06:15:00,139.333,139.386,139.25,139.363
2022-09-01 06:30:00,139.362,139.398,139.26,139.337
2022-09-01 06:45:00,139.337,139.362,139.25,139.349
2022-09-01 07:00:00,139.352,139.453,139.29,139.367
2022-09-01 07:15:00,139.373,139.432,139.19,139.253
2022-09-01 07:30:00,139.253,139.302,139.11,139.187
2022-09-01 07:45:00,139.193,139.257,139.15,139.225
2022-09-01 08:00:00,139.229,139.297,139.18,139.27
2022-09-01 08:15:00,139.277,139.348,139.23,139.314
2022-09-01 08:30:00,139.31,139.327,139.06,139.174
2022-09-01 08:45:00,139.173,139.256,139.13,139.202
2022-09-01 09:00:00,139.199,139.236,139.14,139.214
2022-09-01 09:15:00,139.218,139.272,139.11,139.257
2022-09-01 09:30:00,139.25,139.267,139.15,139.177
2022-09-01 09:45:00,139.176,139.199,139.11,139.146
2022-09-01 10:00:00,139.14,139.174,139.03,139.147
2022-09-01 10:15:00,139.147,139.276,139.08,139.267
2022-09-01 10:30:00,139.264,139.323,139.23,139.32
2022-09-01 10:45:00,139.32,139.363,139.28,139.347
2022-09-01 11:00:00,139.345,139.368,139.26,139.298
2022-09-01 11:15:00,139.295,139.355,139.23,139.323
2022-09-01 11:30:00,139.322,139.344,139.25,139.294
2022-09-01 11:45:00,139.294,139.317,139.15,139.19
2022-09-01 12:00:00,139.19,139.251,139.13,139.228
2022-09-01 12:15:00,139.224,139.292,139.16,139.278
2022-09-01 12:30:00,139.278,139.439,139.24,139.381
2022-09-01 12:45:00,139.38,139.701,139.35,139.651
2022-09-01 13:00:00,139.655,139.687,139.49,139.555
2022-09-01 13:15:00,139.555,139.619,139.43,139.472
2022-09-01 13:30:00,139.468,139.569,139.42,139.522
2022-09-01 13:45:00,139.525,139.563,139.44,139.505
2022-09-01 14:00:00,139.506,139.551,139.36,139.49
2022-09-01 14:15:00,139.488,139.98,139.485,139.934
2022-09-01 14:30:00,139.934,140.13,139.72,139.787
2022-09-01 14:45:00,139.784,139.967,139.7,139.942
2022-09-01 15:00:00,139.942,140.223,139.91,140.045
2022-09-01 15:15:00,140.047,140.052,139.81,139.904
2022-09-01 15:30:00,139.9,139.966,139.83,139.92
2022-09-01 15:45:00,139.927,140.014,139.83,139.995
2022-09-01 16:00:00,139.999,140.029,139.9,139.93
2022-09-01 16:15:00,139.93,139.949,139.85,139.947
2022-09-01 16:30:00,139.944,139.948,139.84,139.92
2022-09-01 16:45:00,139.92,140.053,139.89,140.033
2022-09-01 17:00:00,140.039,140.05,139.98,140.045
2022-09-01 17:15:00,140.045,140.149,140.01,140.09
2022-09-01 17:30:00,140.094,140.106,139.98,140.015
2022-09-01 17:45:00,140.009,140.062,139.97,140.032
2022-09-01 18:00:00,140.034,140.059,139.96,140.015
2022-09-01 18:15:00,140.014,140.016,139.91,139.993
2022-09-01 18:30:00,139.998,140.04,139.95,140.014
2022-09-01 18:45:00,140.012,140.125,139.98,140.103
2022-09-01 19:00:00,140.101,140.23,140.07,140.226
2022-09-01 19:15:00,140.225,140.23,140.06,140.091
2022-09-01 19:30:00,140.095,140.147,140.05,140.125
2022-09-01 19:45:00,140.123,140.138,140.06,140.135
2022-09-01 20:00:00,140.136,140.204,140.11,140.201
2022-09-01 20:15:00,140.199,140.218,140.15,140.183
2022-09-01 20:30:00,140.187,140.221,140.14,140.22
2022-09-01 20:45:00,140.219,140.221,140.17,140.204
2022-09-01 21:00:00,140.201,140.225,140.163,140.197
2022-09-01 21:15:00,140.198,140.212,140.097,140.182
2022-09-01 21:30:00,140.182,140.2,140.16,140.18
2022-09-01 21:45:00,140.18,140.22,140.17,140.207
2022-09-01 22:00:00,140.208,140.231,140.18,140.2
2022-09-01 22:15:00,140.218,140.232,140.14,140.184
2022-09-01 22:30:00,140.189,140.2,140.15,140.187
2022-09-01 22:45:00,140.188,140.205,140.12,140.197
2022-09-01 23:00:00,140.204,140.206,140.15,140.187
2022-09-01 23:15:00,140.187,140.272,140.07,140.114
2022-09-01 23:30:00,140.115,140.149,140.05,140.116
2022-09-01 23:45:00,140.12,140.128,140.01,140.05
2022-09-02 00:00:00,140.049,140.103,140.02,140.083
2022-09-02 00:15:00,140.083,140.125,139.91,139.984
2022-09-02 00:30:00,139.986,139.993,139.85,139.902
2022-09-02 00:45:00,139.9,139.968,139.84,139.953
2022-09-02 01:00:00,139.958,140.099,139.89,140.082
2022-09-02 01:15:00,140.082,140.128,139.99,140.022
2022-09-02 01:30:00,140.021,140.035,139.94,139.985
2022-09-02 01:45:00,139.985,140.067,139.94,139.988
2022-09-02 02:00:00,139.991,140.153,139.91,140.129
2022-09-02 02:15:00,140.129,140.203,140.08,140.138
2022-09-02 02:30:00,140.144,140.166,140.03,140.094
2022-09-02 02:45:00,140.094,140.148,140.05,140.11
2022-09-02 03:00:00,140.11,140.146,140.08,140.131
2022-09-02 03:15:00,140.136,140.165,140.07,140.152
2022-09-02 03:30:00,140.149,140.19,140.11,140.172
2022-09-02 03:45:00,140.173,140.184,140.11,140.171
2022-09-02 04:00:00,140.176,140.185,140.11,140.152
2022-09-02 04:15:00,140.151,140.175,140.1,140.166
2022-09-02 04:30:00,140.17,140.186,140.12,140.169
2022-09-02 04:45:00,140.165,140.35,140.14,140.288
2022-09-02 05:00:00,140.294,140.4,140.24,140.33
2022-09-02 05:15:00,140.34,140.39,140.29,140.34
2022-09-02 05:30:00,140.336,140.348,140.24,140.304
2022-09-02 05:45:00,140.304,140.361,140.26,140.353
2022-09-02 06:00:00,140.352,140.384,140.29,140.336
2022-09-02 06:15:00,140.335,140.359,140.23,140.353
2022-09-02 06:30:00,140.356,140.433,140.26,140.317
2022-09-02 06:45:00,140.317,140.374,140.21,140.251
2022-09-02 07:00:00,140.248,140.287,140.18,140.256
2022-09-02 07:15:00,140.258,140.305,140.15,140.184
2022-09-02 07:30:00,140.186,140.245,140.11,140.203
2022-09-02 07:45:00,140.204,140.296,140.17,140.233
2022-09-02 08:00:00,140.228,140.261,140.18,140.247
2022-09-02 08:15:00,140.24,140.325,140.22,140.321
2022-09-02 08:30:00,140.321,140.326,140.21,140.27
2022-09-02 08:45:00,140.269,140.313,140.23,140.284
2022-09-02 09:00:00,140.282,140.336,140.24,140.333
2022-09-02 09:15:00,140.332,140.407,140.3,140.33
2022-09-02 09:30:00,140.365,140.369,140.27,140.327
2022-09-02 09:45:00,140.327,140.355,140.27,140.312
2022-09-02 10:00:00,140.31,140.398,140.29,140.375
2022-09-02 10:15:00,140.376,140.392,140.24,140.34
2022-09-02 10:30:00,140.345,140.354,140.27,140.31
2022-09-02 10:45:00,140.338,140.357,140.27,140.309
2022-09-02 11:00:00,140.313,140.332,140.27,140.317
2022-09-02 11:15:00,140.315,140.373,140.26,140.364
2022-09-02 11:30:00,140.361,140.407,140.31,140.39
2022-09-02 11:45:00,140.393,140.488,140.33,140.462
2022-09-02 12:00:00,140.457,140.463,140.35,140.435
2022-09-02 12:15:00,140.436,140.487,140.39,140.459
2022-09-02 12:30:00,140.459,140.524,140.35,140.494
2022-09-02 12:45:00,140.492,140.733,139.92,140.708
2022-09-02 13:00:00,140.704,140.801,140.5,140.579
2022-09-02 13:15:00,140.573,140.688,140.25,140.385
2022-09-02 13:30:00,140.379,140.389,139.97,140.211
2022-09-02 13:45:00,140.207,140.371,140.08,140.256
2022-09-02 14:00:00,140.254,140.265,140.04,140.134
2022-09-02 14:15:00,140.135,140.221,139.93,140.155
2022-09-02 14:30:00,140.152,140.19,140.0,140.057
2022-09-02 14:45:00,140.058,140.205,140.01,140.149
2022-09-02 15:00:00,140.145,140.169,139.94,140.0
2022-09-02 15:15:00,140.035,140.14,139.88,139.946
2022-09-02 15:30:00,139.942,140.1,139.9,140.083
2022-09-02 15:45:00,140.083,140.26,140.01,140.193
2022-09-02 16:00:00,140.193,140.196,140.02,140.05
2022-09-02 16:15:00,140.045,140.115,140.0,140.078
2022-09-02 16:30:00,140.077,140.184,140.04,140.168
2022-09-02 16:45:00,140.17,140.242,140.09,140.24
2022-09-02 17:00:00,140.236,140.272,140.12,140.23
2022-09-02 17:15:00,140.231,140.255,140.09,140.124
2022-09-02 17:30:00,140.124,140.153,140.03,140.128
2022-09-02 17:45:00,140.129,140.141,140.07,140.12
2022-09-02 18:00:00,140.124,140.135,140.07,140.113
2022-09-02 18:15:00,140.113,140.135,140.05,140.116
2022-09-02 18:30:00,140.112,140.13,140.06,140.106
2022-09-02 18:45:00,140.107,140.139,140.05,140.123
2022-09-02 19:00:00,140.127,140.147,140.06,140.123
2022-09-02 19:15:00,140.123,140.138,140.07,140.13
2022-09-02 19:30:00,140.135,140.157,140.1,140.157
2022-09-02 19:45:00,140.156,140.254,140.13,140.247
2022-09-02 20:00:00,140.249,140.322,140.17,140.244
2022-09-02 20:15:00,140.244,140.248,140.13,140.196
2022-09-02 20:30:00,140.191,140.222,140.13,140.197
2022-09-02 20:45:00,140.201,140.234,140.18,140.22
2022-09-02 21:00:00,140.216,140.246,140.137,140.144
2022-09-02 21:15:00,140.171,140.171,140.152,140.152
2022-09-02 21:30:00,140.152,140.152,140.152,140.152
2022-09-02 21:45:00,140.152,140.152,140.152,140.152
2022-09-04 22:15:00,140.156,140.249,140.107,140.199
2022-09-04 22:30:00,140.202,140.342,140.18,140.323
2022-09-04 22:45:00,140.323,140.378,140.25,140.371
2022-09-04 23:00:00,140.377,140.43,140.31,140.332
2022-09-04 23:15:00,140.33,140.442,140.29,140.43
2022-09-04 23:30:00,140.431,140.432,140.36,140.4
2022-09-04 23:45:00,140.405,140.462,140.37,140.452
2022-09-05 00:00:00,140.453,140.55,140.43,140.537
2022-09-05 00:15:00,140.539,140.556,140.34,140.406
2022-09-05 00:30:00,140.407,140.46,140.36,140.442
2022-09-05 00:45:00,140.441,140.473,140.34,140.394
2022-09-05 01:00:00,140.39,140.438,140.25,140.308
2022-09-05 01:15:00,140.308,140.326,140.17,140.198
2022-09-05 01:30:00,140.199,140.216,140.09,140.194
2022-09-05 01:45:00,140.197,140.211,140.11,140.182
2022-09-05 02:00:00,140.178,140.244,140.1,140.163
2022-09-05 02:15:00,140.164,140.293,140.09,140.276
2022-09-05 02:30:00,140.277,140.361,140.24,140.319
2022-09-05 02:45:00,140.319,140.355,140.28,140.322
2022-09-05 03:00:00,140.32,140.335,140.26,140.29
2022-09-05 03:15:00,140.292,140.319,140.25,140.302
2022-09-05 03:30:00,140.304,140.316,140.22,140.278
2022-09-05 03:45:00,140.278,140.318,140.23,140.29
2022-09-05 04:00:00,140.29,140.349,140.27,140.346
2022-09-05 04:15:00,140.347,140.38,140.29,140.319
2022-09-05 04:30:00,140.319,140.347,140.27,140.293
2022-09-05 04:45:00,140.293,140.42,140.27,140.36
2022-09-05 05:00:00,140.36,140.399,140.3,140.35
2022-09-05 05:15:00,140.351,140.384,140.3,140.354
2022-09-05 05:30:00,140.344,140.39,140.31,140.377
2022-09-05 05:45:00,140.378,140.405,140.33,140.395
2022-09-05 06:00:00,140.394,140.483,140.31,140.346
2022-09-05 06:15:00,140.346,140.453,140.33,140.385
2022-09-05 06:30:00,140.386,140.439,140.34,140.389
2022-09-05 06:45:00,140.388,140.432,140.33,140.36
2022-09-05 07:00:00,140.357,140.383,140.27,140.356
2022-09-05 07:15:00,140.362,140.506,140.31,140.499
2022-09-05 07:30:00,140.501,140.578,140.41,140.493
2022-09-05 07:45:00,140.494,140.526,140.4,140.522
2022-09-05 08:00:00,140.524,140.597,140.48,140.57
2022-09-05 08:15:00,140.571,140.589,140.49,140.544
2022-09-05 08:30:00,140.544,140.556,140.47,140.515
2022-09-05 08:45:00,140.513,140.549,140.41,140.473
2022-09-05 09:00:00,140.475,140.551,140.45,140.54
2022-09-05 09:15:00,140.54,140.55,140.43,140.48
2022-09-05 09:30:00,140.477,140.569,140.45,140.518
2022-09-05 09:45:00,140.521,140.563,140.41,140.433
2022-09-05 10:00:00,140.439,140.45,140.35,140.429
2022-09-05 10:15:00,140.429,140.467,140.39,140.454
2022-09-05 10:30:00,140.453,140.476,140.37,140.412
2022-09-05 10:45:00,140.413,140.453,140.38,140.42
2022-09-05 11:00:00,140.427,140.501,140.41,140.495
2022-09-05 11:15:00,140.499,140.529,140.44,140.518
2022-09-05 11:30:00,140.512,140.552,140.48,140.54
2022-09-05 11:45:00,140.545,140.548,140.48,140.525
2022-09-05 12:00:00,140.523,140.557,140.46,140.501
2022-09-05 12:15:00,140.504,140.616,140.47,140.589
2022-09-05 12:30:00,140.592,140.651,140.56,140.602
2022-09-05 12:45:00,140.602,140.628,140.55,140.583
2022-09-05 13:00:00,140.583,140.605,140.52,140.583
2022-09-05 13:15:00,140.583,140.597,140.51,140.547
2022-09-05 13:30:00,140.547,140.58,140.51,140.56
2022-09-05 13:45:00,140.562,140.61,140.53,140.573
2022-09-05 14:00:00,140.573,140.663,140.55,140.609
2022-09-05 14:15:00,140.606,140.626,140.56,140.58
2022-09-05 14:30:00,140.578,140.6,140.55,140.594
2022-09-05 14:45:00,140.594,140.597,140.47,140.542
2022-09-05 15:00:00,140.539,140.565,140.47,140.558
2022-09-05 15:15:00,140.558,140.559,140.49,140.53
2022-09-05 15:30:00,140.532,140.537,140.49,140.531
2022-09-05 15:45:00,140.53,140.552,140.49,140.541
2022-09-05 16:00:00,140.541,140.546,140.45,140.484
2022-09-05 16:15:00,140.486,140.54,140.46,140.516
2022-09-05 16:30:00,140.511,140.525,140.47,140.524
2022-09-05 16:45:00,140.523,140.554,140.5,140.52
2022-09-05 17:00:00,140.523,140.538,140.51,140.53
2022-09-05 17:15:00,140.53,140.531,140.49,140.511
2022-09-05 17:30:00,140.515,140.517,140.501,140.513
2022-09-05 17:45:00,140.513,140.528,140.503,140.52
2022-09-05 18:00:00,140.523,140.554,140.508,140.543
2022-09-05 18:15:00,140.544,140.551,140.51,140.548
2022-09-05 18:30:00,140.54,140.566,140.52,140.551
2022-09-05 18:45:00,140.552,140.566,140.52,140.555
2022-09-05 19:00:00,140.557,140.566,140.52,140.538
2022-09-05 19:15:00,140.538,140.563,140.51,140.55
2022-09-05 19:30:00,140.553,140.553,140.521,140.537
2022-09-05 19:45:00,140.537,140.551,140.5,140.546
2022-09-05 20:00:00,140.545,140.566,140.51,140.548
2022-09-05 20:15:00,140.544,140.58,140.51,140.564
2022-09-05 20:30:00,140.572,140.591,140.53,140.558
2022-09-05 20:45:00,140.561,140.58,140.54,140.579
2022-09-05 21:00:00,140.579,140.61,140.536,140.562
2022-09-05 21:15:00,140.572,140.613,140.542,140.567
2022-09-05 21:30:00,140.58,140.6,140.543,140.56
2022-09-05 21:45:00,140.562,140.59,140.555,140.57
2022-09-05 22:00:00,140.583,140.59,140.56,140.58
2022-09-05 22:15:00,140.584,140.59,140.51,140.529
2022-09-05 22:30:00,140.531,140.542,140.47,140.507
2022-09-05 22:45:00,140.505,140.513,140.41,140.505
2022-09-05 23:00:00,140.501,140.507,140.43,140.466
2022-09-05 23:15:00,140.466,140.512,140.44,140.479
2022-09-05 23:30:00,140.48,140.482,140.39,140.45
2022-09-05 23:45:00,140.453,140.468,140.34,140.375
2022-09-06 00:00:00,140.375,140.44,140.32,140.432
2022-09-06 00:15:00,140.429,140.453,140.22,140.305
2022-09-06 00:30:00,140.304,140.399,140.28,140.313
2022-09-06 00:45:00,140.314,140.383,140.27,140.37
2022-09-06 01:00:00,140.372,140.376,140.22,140.279
2022-09-06 01:15:00,140.279,140.383,140.26,140.323
2022-09-06 01:30:00,140.32,140.431,140.3,140.353
2022-09-06 01:45:00,140.35,140.426,140.32,140.381
2022-09-06 02:00:00,140.376,140.431,140.35,140.409
2022-09-06 02:15:00,140.409,140.479,140.36,140.452
2022-09-06 02:30:00,140.452,140.539,140.42,140.509
2022-09-06 02:45:00,140.503,140.566,140.47,140.531
2022-09-06 03:00:00,140.532,140.543,140.45,140.477
2022-09-06 03:15:00,140.473,140.51,140.44,140.492
2022-09-06 03:30:00,140.498,140.532,140.47,140.508
2022-09-06 03:45:00,140.508,140.579,140.45,140.574
2022-09-06 04:00:00,140.573,140.609,140.53,140.596
2022-09-06 04:15:00,140.592,140.621,140.54,140.6
2022-09-06 04:30:00,140.61,140.63,140.54,140.587
2022-09-06 04:45:00,140.587,140.634,140.54,140.606
2022-09-06 05:00:00,140.605,140.965,140.57,140.927
2022-09-06 05:15:00,140.928,140.947,140.82,140.922
2022-09-06 05:30:00,140.923,140.969,140.87,140.948
2022-09-06 05:45:00,140.944,140.956,140.84,140.86
2022-09-06 06:00:00,140.868,141.099,140.84,141.039
2022-09-06 06:15:00,141.03,141.169,140.99,141.1
2022-09-06 06:30:00,141.099,141.146,141.03,141.143
2022-09-06 06:45:00,141.136,141.24,141.11,141.184
2022-09-06 07:00:00,141.183,141.229,141.06,141.176
2022-09-06 07:15:00,141.177,141.492,141.13,141.44
2022-09-06 07:30:00,141.447,141.699,141.4,141.683
2022-09-06 07:45:00,141.682,141.737,141.54,141.648
2022-09-06 08:00:00,141.647,141.657,141.48,141.534
2022-09-06 08:15:00,141.535,141.711,141.48,141.681
2022-09-06 08:30:00,141.676,141.756,141.61,141.695
2022-09-06 08:45:00,141.7,141.864,141.68,141.805
2022-09-06 09:00:00,141.809,141.825,141.63,141.689
2022-09-06 09:15:00,141.69,141.786,141.65,141.729
2022-09-06 09:30:00,141.728,141.8,141.68,141.714
2022-09-06 09:45:00,141.714,141.789,141.68,141.695
2022-09-06 10:00:00,141.695,141.731,141.55,141.663
2022-09-06 10:15:00,141.666,141.694,141.56,141.625
2022-09-06 10:30:00,141.624,141.725,141.54,141.716
2022-09-06 10:45:00,141.716,141.812,141.68,141.739
2022-09-06 11:00:00,141.73,141.788,141.69,141.75
2022-09-06 11:15:00,141.754,141.803,141.69,141.776
2022-09-06 11:30:00,141.772,142.043,141.75,141.983
2022-09-06 11:45:00,141.98,142.107,141.93,142.032
2022-09-06 12:00:00,142.036,142.043,141.86,141.906
2022-09-06 12:15:00,141.907,141.984,141.85,141.942
2022-09-06 12:30:00,141.941,142.073,141.9,142.069
2022-09-06 12:45:00,142.063,142.247,142.04,142.214
2022-09-06 13:00:00,142.217,142.402,142.15,142.378
2022-09-06 13:15:00,142.378,142.536,142.31,142.405
2022-09-06 13:30:00,142.402,142.491,142.32,142.47
2022-09-06 13:45:00,142.473,142.551,142.42,142.486
2022-09-06 14:00:00,142.485,142.556,142.29,142.546
2022-09-06 14:15:00,142.563,142.912,142.52,142.747
2022-09-06 14:30:00,142.745,142.867,142.52,142.62
2022-09-06 14:45:00,142.614,142.776,142.56,142.665
2022-09-06 15:00:00,142.671,142.763,142.62,142.701
2022-09-06 15:15:00,142.705,142.717,142.54,142.69
2022-09-06 15:30:00,142.691,142.976,142.65,142.9
2022-09-06 15:45:00,142.901,142.966,142.85,142.892
2022-09-06 16:00:00,142.89,142.972,142.83,142.95
2022-09-06 16:15:00,142.952,142.979,142.82,142.854
2022-09-06 16:30:00,142.85,142.962,142.8,142.913
2022-09-06 16:45:00,142.917,143.075,142.88,142.91
2022-09-06 17:00:00,142.91,143.001,142.88,142.929
2022-09-06 17:15:00,142.933,142.969,142.86,142.929
2022-09-06 17:30:00,142.929,142.93,142.8,142.885
2022-09-06 17:45:00,142.885,142.939,142.83,142.931
2022-09-06 18:00:00,142.918,142.949,142.89,142.944
2022-09-06 18:15:00,142.948,142.964,142.88,142.925
2022-09-06 18:30:00,142.93,142.967,142.9,142.957
2022-09-06 18:45:00,142.941,142.969,142.84,142.879
2022-09-06 19:00:00,142.879,142.916,142.82,142.889
2022-09-06 19:15:00,142.886,142.889,142.76,142.792
2022-09-06 19:30:00,142.791,142.818,142.74,142.772
2022-09-06 19:45:00,142.774,142.831,142.73,142.81
2022-09-06 20:00:00,142.816,142.837,142.74,142.803
2022-09-06 20:15:00,142.803,142.827,142.76,142.823
2022-09-06 20:30:00,142.823,142.828,142.76,142.808
2022-09-06 20:45:00,142.815,142.837,142.79,142.818
2022-09-06 21:00:00,142.822,142.828,142.76,142.783
2022-09-06 21:15:00,142.789,142.8,142.698,142.786
2022-09-06 21:30:00,142.785,142.8,142.665,142.724
2022-09-06 21:45:00,142.727,142.772,142.72,142.765
2022-09-06 22:00:00,142.765,142.775,142.744,142.768
2022-09-06 22:15:00,142.758,142.875,142.73,142.85
2022-09-06 22:30:00,142.852,142.884,142.81,142.849
2022-09-06 22:45:00,142.851,142.976,142.83,142.972
2022-09-06 23:00:00,142.976,143.604,142.92,143.341
2022-09-06 23:15:00,143.341,143.365,143.14,143.284
2022-09-06 23:30:00,143.274,143.284,143.17,143.26
2022-09-06 23:45:00,143.269,143.345,143.06,143.1
2022-09-07 00:00:00,143.099,143.167,143.01,143.158
2022-09-07 00:15:00,143.16,143.195,142.9,143.13
2022-09-07 00:30:00,143.136,143.319,143.1,143.197
2022-09-07 00:45:00,143.198,143.34,143.12,143.167
2022-09-07 01:00:00,143.171,143.257,142.99,143.098
2022-09-07 01:15:00,143.1,143.196,143.02,143.101
2022-09-07 01:30:00,143.1,143.207,143.06,143.175
2022-09-07 01:45:00,143.181,143.314,143.145,143.283
2022-09-07 02:00:00,143.281,143.288,143.13,143.165
2022-09-07 02:15:00,143.165,143.736,143.12,143.582
2022-09-07 02:30:00,143.58,143.608,143.32,143.39
2022-09-07 02:45:00,143.378,143.517,143.35,143.437
2022-09-07 03:00:00,143.443,143.737,143.42,143.69
2022-09-07 03:15:00,143.691,143.752,143.54,143.68
2022-09-07 03:30:00,143.679,143.985,143.63,143.932
2022-09-07 03:45:00,143.929,144.091,143.84,143.943
2022-09-07 04:00:00,143.943,144.08,143.91,144.001
2022-09-07 04:15:00,144.007,144.202,143.94,144.118
2022-09-07 04:30:00,144.123,144.386,144.08,144.33
2022-09-07 04:45:00,144.335,144.341,143.82,143.98
2022-09-07 05:00:00,143.986,144.091,143.91,143.992
2022-09-07 05:15:00,143.99,144.039,143.73,143.934
2022-09-07 05:30:00,143.935,143.979,143.83,143.94
2022-09-07 05:45:00,143.941,144.066,143.89,144.051
2022-09-07 06:00:00,144.045,144.161,144.0,144.14
2022-09-07 06:15:00,144.143,144.254,143.96,144.037
2022-09-07 06:30:00,144.039,144.083,143.93,143.976
2022-09-07 06:45:00,143.981,144.101,143.86,144.036
2022-09-07 07:00:00,144.035,144.145,143.95,144.101
2022-09-07 07:15:00,144.103,144.14,143.91,143.993
2022-09-07 07:30:00,143.992,144.195,143.91,144.175
2022-09-07 07:45:00,144.177,144.206,143.99,144.091
2022-09-07 08:00:00,144.091,144.104,143.83,143.901
2022-09-07 08:15:00,143.898,144.042,143.85,144.031
2022-09-07 08:30:00,144.032,144.101,143.96,143.993
2022-09-07 08:45:00,143.992,144.075,143.93,144.012
2022-09-07 09:00:00,144.01,144.074,143.92,144.052
2022-09-07 09:15:00,144.053,144.156,144.0,144.148
2022-09-07 09:30:00,144.138,144.178,144.05,144.161
2022-09-07 09:45:00,144.162,144.187,144.08,144.126
2022-09-07 10:00:00,144.123,144.158,144.07,144.114
2022-09-07 10:15:00,144.115,144.319,144.07,144.281
2022-09-07 10:30:00,144.281,144.459,144.23,144.427
2022-09-07 10:45:00,144.428,144.602,144.39,144.508
2022-09-07 11:00:00,144.508,144.725,144.45,144.698
2022-09-07 11:15:00,144.699,144.803,144.64,144.711
2022-09-07 11:30:00,144.713,144.822,144.65,144.764
2022-09-07 11:45:00,144.764,144.992,144.72,144.824
2022-09-07 12:00:00,144.823,144.981,144.8,144.959
2022-09-07 12:15:00,144.959,144.966,144.81,144.86
2022-09-07 12:30:00,144.869,144.897,144.67,144.697
2022-09-07 12:45:00,144.69,144.915,144.56,144.906
2022-09-07 13:00:00,144.905,144.952,144.79,144.822
2022-09-07 13:15:00,144.819,144.952,144.79,144.856
2022-09-07 13:30:00,144.853,144.869,144.66,144.777
2022-09-07 13:45:00,144.778,144.826,144.63,144.79
2022-09-07 14:00:00,144.789,144.868,144.66,144.866
2022-09-07 14:15:00,144.866,144.882,144.67,144.82
2022-09-07 14:30:00,144.819,144.838,144.53,144.589
2022-09-07 14:45:00,144.586,144.59,144.19,144.335
2022-09-07 15:00:00,144.332,144.52,144.27,144.492
2022-09-07 15:15:00,144.499,144.572,144.39,144.435
2022-09-07 15:30:00,144.433,144.491,144.39,144.447
2022-09-07 15:45:00,144.45,144.525,144.37,144.445
2022-09-07 16:00:00,144.449,144.451,144.28,144.383
2022-09-07 16:15:00,144.385,144.448,144.32,144.348
2022-09-07 16:30:00,144.349,144.373,144.27,144.293
2022-09-07 16:45:00,144.292,144.378,144.13,144.178
2022-09-07 17:00:00,144.175,144.388,144.165,144.294
2022-09-07 17:15:00,144.297,144.319,144.06,144.102
2022-09-07 17:30:00,144.096,144.105,143.89,143.992
2022-09-07 17:45:00,144.006,144.085,143.9,143.916
2022-09-07 18:00:00,143.92,143.994,143.82,143.936
2022-09-07 18:15:00,143.931,144.064,143.9,143.998
2022-09-07 18:30:00,143.996,144.036,143.96,144.022
2022-09-07 18:45:00,144.023,144.096,143.95,144.093
2022-09-07 19:00:00,144.09,144.149,144.06,144.134
2022-09-07 19:15:00,144.135,144.142,144.02,144.061
2022-09-07 19:30:00,144.061,144.07,143.92,143.92
2022-09-07 19:45:00,143.91,143.946,143.78,143.847
2022-09-07 20:00:00,143.845,143.857,143.64,143.72
2022-09-07 20:15:00,143.721,143.817,143.69,143.794
2022-09-07 20:30:00,143.786,143.855,143.76,143.81
2022-09-07 20:45:00,143.8,143.819,143.72,143.756
2022-09-07 21:00:00,143.761,143.771,143.686,143.75
2022-09-07 21:15:00,143.738,143.785,143.694,143.74
2022-09-07 21:30:00,143.75,143.81,143.682,143.729
2022-09-07 21:45:00,143.728,143.743,143.695,143.726
2022-09-07 22:00:00,143.74,143.757,143.705,143.74
2022-09-07 22:15:00,143.738,143.806,143.698,143.788
2022-09-07 22:30:00,143.791,144.008,143.77,144.003
2022-09-07 22:45:00,143.98,144.078,143.94,144.067
2022-09-07 23:00:00,144.068,144.13,143.99,144.024
2022-09-07 23:15:00,144.025,144.2,143.98,144.186
2022-09-07 23:30:00,144.187,144.312,144.1,144.271
2022-09-07 23:45:00,144.281,144.291,144.15,144.187
2022-09-08 00:00:00,144.191,144.239,144.06,144.089
2022-09-08 00:15:00,144.09,144.253,143.96,144.221
2022-09-08 00:30:00,144.222,144.329,144.14,144.322
2022-09-08 00:45:00,144.315,144.469,144.26,144.413
2022-09-08 01:00:00,144.413,144.559,144.29,144.33
2022-09-08 01:15:00,144.329,144.331,144.09,144.251
2022-09-08 01:30:00,144.251,144.268,143.9,143.993
2022-09-08 01:45:00,143.997,144.126,143.96,144.041
2022-09-08 02:00:00,144.04,144.165,143.93,144.143
2022-09-08 02:15:00,144.144,144.208,144.04,144.141
2022-09-08 02:30:00,144.141,144.16,144.05,144.086
2022-09-08 02:45:00,144.082,144.25,144.05,144.17
2022-09-08 03:00:00,144.17,144.238,144.14,144.206
2022-09-08 03:15:00,144.206,144.311,143.97,144.057
2022-09-08 03:30:00,144.058,144.116,144.0,144.055
2022-09-08 03:45:00,144.055,144.124,143.97,144.08
2022-09-08 04:00:00,144.08,144.114,143.93,144.0
2022-09-08 04:15:00,144.001,144.006,143.75,143.892
2022-09-08 04:30:00,143.894,143.914,143.67,143.843
2022-09-08 04:45:00,143.838,143.981,143.81,143.934
2022-09-08 05:00:00,143.932,144.045,143.89,144.002
2022-09-08 05:15:00,144.004,144.043,143.91,143.94
2022-09-08 05:30:00,143.941,144.01,143.88,144.007
2022-09-08 05:45:00,144.008,144.119,143.95,144.031
2022-09-08 06:00:00,144.029,144.048,143.51,143.754
2022-09-08 06:15:00,143.76,143.813,143.57,143.605
2022-09-08 06:30:00,143.605,143.636,143.43,143.547
2022-09-08 06:45:00,143.546,143.742,143.48,143.712
2022-09-08 07:00:00,143.713,143.788,143.6,143.661
2022-09-08 07:15:00,143.659,143.788,143.59,143.777
2022-09-08 07:30:00,143.781,143.85,143.74,143.83
2022-09-08 07:45:00,143.829,143.932,143.68,143.733
2022-09-08 08:00:00,143.733,143.824,143.61,143.821
2022-09-08 08:15:00,143.822,143.85,143.71,143.769
2022-09-08 08:30:00,143.784,144.071,143.42,143.991
2022-09-08 08:45:00,143.99,144.095,143.83,143.958
2022-09-08 09:00:00,143.96,144.149,143.91,144.042
2022-09-08 09:15:00,144.042,144.136,143.95,144.034
2022-09-08 09:30:00,144.0,144.095,143.97,144.052
2022-09-08 09:45:00,144.055,144.087,143.94,143.982
2022-09-08 10:00:00,143.981,143.997,143.81,143.868
2022-09-08 10:15:00,143.871,143.912,143.8,143.9
2022-09-08 10:30:00,143.901,143.918,143.77,143.8
2022-09-08 10:45:00,143.803,143.828,143.62,143.704
2022-09-08 11:00:00,143.705,143.773,143.58,143.679
2022-09-08 11:15:00,143.672,143.731,143.61,143.66
2022-09-08 11:30:00,143.663,143.677,143.51,143.555
2022-09-08 11:45:00,143.551,143.578,143.29,143.397
2022-09-08 12:00:00,143.401,143.495,143.3,143.483
2022-09-08 12:15:00,143.482,143.587,143.38,143.506
2022-09-08 12:30:00,143.506,143.836,143.38,143.687
2022-09-08 12:45:00,143.686,143.99,143.65,143.951
2022-09-08 13:00:00,143.954,144.164,143.77,144.126
2022-09-08 13:15:00,144.129,144.377,143.92,144.34
2022-09-08 13:30:00,144.344,144.445,144.16,144.24
2022-09-08 13:45:00,144.243,144.281,143.75,143.783
2022-09-08 14:00:00,143.784,143.966,143.7,143.936
2022-09-08 14:15:00,143.937,144.11,143.9,144.019
2022-09-08 14:30:00,144.019,144.042,143.86,144.018
2022-09-08 14:45:00,144.01,144.206,143.98,144.144
2022-09-08 15:00:00,144.14,144.154,143.89,143.954
2022-09-08 15:15:00,143.955,144.085,143.92,143.972
2022-09-08 15:30:00,143.971,143.988,143.83,143.915
2022-09-08 15:45:00,143.915,144.051,143.81,144.039
2022-09-08 16:00:00,144.039,144.078,143.96,144.069
2022-09-08 16:15:00,144.069,144.185,143.99,144.163
2022-09-08 16:30:00,144.158,144.248,144.1,144.16
2022-09-08 16:45:00,144.163,144.206,144.1,144.133
2022-09-08 17:00:00,144.138,144.157,144.08,144.126
2022-09-08 17:15:00,144.124,144.177,143.95,143.971
2022-09-08 17:30:00,143.977,144.02,143.86,143.919
2022-09-08 17:45:00,143.919,143.952,143.85,143.94
2022-09-08 18:00:00,143.937,144.063,143.91,144.056
2022-09-08 18:15:00,144.058,144.081,143.98,144.023
2022-09-08 18:30:00,144.025,144.03,143.91,143.935
2022-09-08 18:45:00,143.937,144.009,143.85,143.984
2022-09-08 19:00:00,143.982,144.021,143.93,144.016
2022-09-08 19:15:00,144.016,144.019,143.93,143.983
2022-09-08 19:30:00,143.99,143.998,143.92,143.978
2022-09-08 19:45:00,143.974,144.009,143.94,143.971
2022-09-08 20:00:00,143.974,144.018,143.93,144.014
2022-09-08 20:15:00,144.016,144.045,143.96,144.004
2022-09-08 20:30:00,144.007,144.096,143.97,144.04
2022-09-08 20:45:00,144.045,144.119,144.029,144.084
2022-09-08 21:00:00,144.084,144.113,144.05,144.106
2022-09-08 21:15:00,144.098,144.11,144.065,144.092
2022-09-08 21:30:00,144.092,144.117,144.059,144.095
2022-09-08 21:45:00,144.095,144.113,144.072,144.105
2022-09-08 22:00:00,144.104,144.117,144.08,144.095
2022-09-08 22:15:00,144.103,144.122,143.94,143.992
2022-09-08 22:30:00,143.996,143.997,143.83,143.927
2022-09-08 22:45:00,143.929,143.968,143.86,143.949
2022-09-08 23:00:00,143.951,144.021,143.91,143.99
2022-09-08 23:15:00,143.996,144.014,143.9,143.986
2022-09-08 23:30:00,143.979,143.979,143.86,143.893
2022-09-08 23:45:00,143.897,143.899,143.77,143.827
2022-09-09 00:00:00,143.827,143.895,143.77,143.873
2022-09-09 00:15:00,143.872,143.958,143.74,143.764
2022-09-09 00:30:00,143.765,143.854,143.64,143.72
2022-09-09 00:45:00,143.721,143.751,143.6,143.729
2022-09-09 01:00:00,143.73,143.823,143.62,143.79
2022-09-09 01:15:00,143.791,143.832,143.67,143.74
2022-09-09 01:30:00,143.736,143.741,143.55,143.64
2022-09-09 01:45:00,143.64,143.693,143.55,143.587
2022-09-09 02:00:00,143.581,143.726,143.56,143.658
2022-09-09 02:15:00,143.659,143.708,143.52,143.662
2022-09-09 02:30:00,143.663,143.719,143.58,143.676
2022-09-09 02:45:00,143.676,143.687,143.49,143.61
2022-09-09 03:00:00,143.612,143.74,143.6,143.709
2022-09-09 03:15:00,143.708,143.718,143.5,143.574
2022-09-09 03:30:00,143.574,143.575,143.05,143.192
2022-09-09 03:45:00,143.193,143.349,143.06,143.09
2022-09-09 04:00:00,143.091,143.238,143.03,143.152
2022-09-09 04:15:00,143.142,143.219,142.43,142.532
2022-09-09 04:30:00,142.532,142.775,142.49,142.682
2022-09-09 04:45:00,142.65,142.802,142.62,142.724
2022-09-09 05:00:00,142.69,142.857,142.61,142.828
2022-09-09 05:15:00,142.825,142.97,142.76,142.852
2022-09-09 05:30:00,142.853,142.88,142.69,142.781
2022-09-09 05:45:00,142.781,142.876,142.71,142.844
2022-09-09 06:00:00,142.844,142.968,142.74,142.958
2022-09-09 06:15:00,142.955,143.148,142.87,142.946
2022-09-09 06:30:00,142.946,142.978,142.82,142.941
2022-09-09 06:45:00,142.94,142.99,142.66,142.706
2022-09-09 07:00:00,142.706,142.813,142.64,142.675
2022-09-09 07:15:00,142.678,142.707,142.21,142.323
2022-09-09 07:30:00,142.324,142.402,142.12,142.185
2022-09-09 07:45:00,142.18,142.434,142.12,142.379
2022-09-09 08:00:00,142.381,142.425,142.22,142.361
2022-09-09 08:15:00,142.356,142.459,142.23,142.255
2022-09-09 08:30:00,142.264,142.268,142.05,142.143
2022-09-09 08:45:00,142.139,142.243,142.0,142.075
2022-09-09 09:00:00,142.072,142.13,141.86,141.957
2022-09-09 09:15:00,141.963,142.151,141.91,142.149
2022-09-09 09:30:00,142.146,142.223,141.98,142.16
2022-09-09 09:45:00,142.157,142.295,142.09,142.2
2022-09-09 10:00:00,142.23,142.23,141.98,142.006
2022-09-09 10:15:00,142.007,142.008,141.6,141.788
2022-09-09 10:30:00,141.784,141.837,141.6,141.791
2022-09-09 10:45:00,141.786,141.796,141.52,141.645
2022-09-09 11:00:00,141.645,141.704,141.48,141.678
2022-09-09 11:15:00,141.68,141.963,141.64,141.898
2022-09-09 11:30:00,141.899,142.144,141.85,142.143
2022-09-09 11:45:00,142.14,142.461,142.08,142.342
2022-09-09 12:00:00,142.34,142.631,142.2,142.541
2022-09-09 12:15:00,142.541,142.79,142.52,142.601
2022-09-09 12:30:00,142.6,142.825,142.56,142.677
2022-09-09 12:45:00,142.676,142.678,142.2,142.253
2022-09-09 13:00:00,142.249,142.442,142.178,142.346
2022-09-09 13:15:00,142.351,142.457,142.24,142.308
2022-09-09 13:30:00,142.311,142.579,142.13,142.544
2022-09-09 13:45:00,142.547,142.724,142.44,142.642
2022-09-09 14:00:00,142.642,142.739,142.47,142.558
2022-09-09 14:15:00,142.56,142.58,142.28,142.44
2022-09-09 14:30:00,142.441,142.596,142.29,142.538
2022-09-09 14:45:00,142.542,142.627,142.27,142.369
2022-09-09 15:00:00,142.372,142.526,142.28,142.434
2022-09-09 15:15:00,142.435,142.587,142.38,142.491
2022-09-09 15:30:00,142.488,142.557,142.4,142.528
2022-09-09 15:45:00,142.528,142.548,142.39,142.465
2022-09-09 16:00:00,142.467,142.511,142.39,142.444
2022-09-09 16:15:00,142.447,142.628,142.4,142.528
2022-09-09 16:30:00,142.532,142.694,142.5,142.633
2022-09-09 16:45:00,142.634,142.71,142.58,142.692
2022-09-09 17:00:00,142.693,142.698,142.51,142.552
2022-09-09 17:15:00,142.55,142.579,142.5,142.553
2022-09-09 17:30:00,142.53,142.593,142.5,142.586
2022-09-09 17:45:00,142.585,142.638,142.54,142.605
2022-09-09 18:00:00,142.6,142.696,142.56,142.695
2022-09-09 18:15:00,142.696,142.77,142.66,142.705
2022-09-09 18:30:00,142.705,142.733,142.63,142.66
2022-09-09 18:45:00,142.668,142.708,142.62,142.684
2022-09-09 19:00:00,142.684,142.761,142.65,142.694
2022-09-09 19:15:00,142.697,142.709,142.61,142.644
2022-09-09 19:30:00,142.643,142.722,142.6,142.71
2022-09-09 19:45:00,142.713,142.728,142.57,142.596
2022-09-09 20:00:00,142.595,142.695,142.55,142.692
2022-09-09 20:15:00,142.689,142.718,142.62,142.643
2022-09-09 20:30:00,142.639,142.679,142.61,142.645
2022-09-09 20:45:00,142.644,142.678,142.61,142.632
2022-09-09 21:00:00,142.634,142.661,142.4,142.564
2022-09-09 21:15:00,142.564,142.564,142.564,142.564
2022-09-09 21:30:00,142.564,142.564,142.564,142.564
2022-09-09 21:45:00,142.564,142.564,142.564,142.564
2022-09-11 22:15:00,142.378,142.603,142.34,142.549
2022-09-11 22:30:00,142.549,142.586,142.47,142.556
2022-09-11 22:45:00,142.562,142.616,142.5,142.583
2022-09-11 23:00:00,142.581,142.659,142.52,142.652
2022-09-11 23:15:00,142.656,142.72,142.59,142.698
2022-09-11 23:30:00,142.67,142.756,142.63,142.653
2022-09-11 23:45:00,142.656,142.678,142.55,142.595
2022-09-12 00:00:00,142.595,142.615,142.498,142.561
2022-09-12 00:15:00,142.564,142.835,142.48,142.821
2022-09-12 00:30:00,142.823,142.957,142.77,142.851
2022-09-12 00:45:00,142.83,142.918,142.73,142.787
2022-09-12 01:00:00,142.779,142.861,142.62,142.805
2022-09-12 01:15:00,142.806,142.817,142.53,142.561
2022-09-12 01:30:00,142.56,142.597,142.3,142.385
2022-09-12 01:45:00,142.385,142.508,142.34,142.479
2022-09-12 02:00:00,142.481,142.576,142.43,142.524
2022-09-12 02:15:00,142.525,142.66,142.5,142.617
2022-09-12 02:30:00,142.613,142.696,142.58,142.679
2022-09-12 02:45:00,142.681,142.85,142.65,142.822
2022-09-12 03:00:00,142.823,142.877,142.74,142.828
2022-09-12 03:15:00,142.831,142.933,142.71,142.747
2022-09-12 03:30:00,142.753,142.882,142.69,142.877
2022-09-12 03:45:00,142.88,143.039,142.85,142.958
2022-09-12 04:00:00,142.959,143.018,142.87,142.95
2022-09-12 04:15:00,142.948,142.995,142.87,142.959
2022-09-12 04:30:00,142.961,143.221,142.93,143.184
2022-09-12 04:45:00,143.184,143.241,143.09,143.172
2022-09-12 05:00:00,143.174,143.245,143.09,143.174
2022-09-12 05:15:00,143.175,143.247,143.09,143.151
2022-09-12 05:30:00,143.153,143.165,142.96,143.069
2022-09-12 05:45:00,143.072,143.223,143.03,143.12
2022-09-12 06:00:00,143.116,143.318,143.08,143.232
2022-09-12 06:15:00,143.233,143.494,143.2,143.418
2022-09-12 06:30:00,143.413,143.476,143.31,143.368
2022-09-12 06:45:00,143.364,143.44,143.26,143.324
2022-09-12 07:00:00,143.326,143.328,142.94,142.993
2022-09-12 07:15:00,142.993,143.052,142.79,142.86
2022-09-12 07:30:00,142.862,142.928,142.6,142.709
2022-09-12 07:45:00,142.709,142.885,142.68,142.806
2022-09-12 08:00:00,142.807,142.914,142.69,142.768
2022-09-12 08:15:00,142.767,142.936,142.62,142.879
2022-09-12 08:30:00,142.89,142.962,142.76,142.793
2022-09-12 08:45:00,142.793,142.808,142.62,142.73
2022-09-12 09:00:00,142.729,142.75,142.58,142.686
2022-09-12 09:15:00,142.688,142.791,142.55,142.717
2022-09-12 09:30:00,142.715,142.789,142.61,142.653
2022-09-12 09:45:00,142.654,142.721,142.49,142.591
2022-09-12 10:00:00,142.592,142.735,142.55,142.726
2022-09-12 10:15:00,142.727,142.871,142.69,142.817
2022-09-12 10:30:00,142.821,142.855,142.76,142.81
2022-09-12 10:45:00,142.806,142.821,142.63,142.657
2022-09-12 11:00:00,142.654,142.696,142.55,142.606
2022-09-12 11:15:00,142.604,142.711,142.51,142.709
2022-09-12 11:30:00,142.71,142.75,142.62,142.653
2022-09-12 11:45:00,142.663,142.736,142.39,142.468
2022-09-12 12:00:00,142.47,142.557,142.39,142.551
2022-09-12 12:15:00,142.553,142.598,142.2,142.291
2022-09-12 12:30:00,142.284,142.485,142.25,142.475
2022-09-12 12:45:00,142.474,142.632,142.42,142.614
2022-09-12 13:00:00,142.618,142.668,142.48,142.527
2022-09-12 13:15:00,142.527,142.66,142.45,142.52
2022-09-12 13:30:00,142.518,142.79,142.49,142.758
2022-09-12 13:45:00,142.758,142.877,142.64,142.733
2022-09-12 14:00:00,142.728,142.737,142.55,142.596
2022-09-12 14:15:00,142.596,142.617,142.41,142.559
2022-09-12 14:30:00,142.557,142.668,142.51,142.639
2022-09-12 14:45:00,142.639,142.743,142.56,142.656
2022-09-12 15:00:00,142.646,142.66,142.34,142.397
2022-09-12 15:15:00,142.397,142.448,142.31,142.381
2022-09-12 15:30:00,142.38,142.433,142.28,142.313
2022-09-12 15:45:00,142.312,142.459,142.28,142.393
2022-09-12 16:00:00,142.396,142.457,142.29,142.439
2022-09-12 16:15:00,142.442,142.447,142.32,142.351
2022-09-12 16:30:00,142.35,142.459,142.31,142.414
2022-09-12 16:45:00,142.41,142.42,142.28,142.308
2022-09-12 17:00:00,142.311,142.315,142.13,142.19
2022-09-12 17:15:00,142.211,142.382,142.18,142.38
2022-09-12 17:30:00,142.378,142.442,142.31,142.4
2022-09-12 17:45:00,142.405,142.438,142.33,142.376
2022-09-12 18:00:00,142.376,142.435,142.33,142.421
2022-09-12 18:15:00,142.421,142.598,142.39,142.558
2022-09-12 18:30:00,142.559,142.782,142.54,142.781
2022-09-12 18:45:00,142.78,142.802,142.7,142.772
2022-09-12 19:00:00,142.774,142.787,142.68,142.725
2022-09-12 19:15:00,142.726,142.778,142.69,142.747
2022-09-12 19:30:00,142.748,142.843,142.72,142.828
2022-09-12 19:45:00,142.829,142.84,142.72,142.757
2022-09-12 20:00:00,142.754,142.827,142.72,142.824
2022-09-12 20:15:00,142.825,142.853,142.77,142.804
2022-09-12 20:30:00,142.804,142.84,142.73,142.822
2022-09-12 20:45:00,142.821,142.843,142.78,142.84
2022-09-12 21:00:00,142.842,142.846,142.783,142.827
2022-09-12 21:15:00,142.828,142.85,142.79,142.798
2022-09-12 21:30:00,142.8,142.821,142.775,142.806
2022-09-12 21:45:00,142.802,142.82,142.78,142.803
2022-09-12 22:00:00,142.797,142.82,142.78,142.808
2022-09-12 22:15:00,142.809,142.809,142.68,142.706
2022-09-12 22:30:00,142.708,142.711,142.52,142.555
2022-09-12 22:45:00,142.555,142.699,142.51,142.68
2022-09-12 23:00:00,142.66,142.768,142.65,142.722
2022-09-12 23:15:00,142.724,142.78,142.63,142.72
2022-09-12 23:30:00,142.714,142.718,142.61,142.662
2022-09-12 23:45:00,142.667,142.676,142.59,142.621
2022-09-13 00:00:00,142.622,142.661,142.55,142.582
2022-09-13 00:15:00,142.582,142.74,142.49,142.57
2022-09-13 00:30:00,142.57,142.719,142.54,142.693
2022-09-13 00:45:00,142.696,142.729,142.52,142.629
2022-09-13 01:00:00,142.632,142.642,142.4,142.448
2022-09-13 01:15:00,142.453,142.537,142.38,142.523
2022-09-13 01:30:00,142.523,142.718,142.47,142.682
2022-09-13 01:45:00,142.68,142.726,142.57,142.624
2022-09-13 02:00:00,142.624,142.651,142.31,142.35
2022-09-13 02:15:00,142.35,142.49,142.29,142.485
2022-09-13 02:30:00,142.481,142.549,142.42,142.525
2022-09-13 02:45:00,142.526,142.555,142.44,142.524
2022-09-13 03:00:00,142.525,142.587,142.49,142.575
2022-09-13 03:15:00,142.574,142.593,142.45,142.48
2022-09-13 03:30:00,142.484,142.501,142.36,142.432
2022-09-13 03:45:00,142.436,142.558,142.38,142.515
2022-09-13 04:00:00,142.513,142.517,142.44,142.499
2022-09-13 04:15:00,142.505,142.546,142.44,142.496
2022-09-13 04:30:00,142.47,142.549,142.43,142.545
2022-09-13 04:45:00,142.546,142.559,142.49,142.52
2022-09-13 05:00:00,142.564,142.598,142.51,142.574
2022-09-13 05:15:00,142.571,142.58,142.44,142.494
2022-09-13 05:30:00,142.499,142.528,142.42,142.484
2022-09-13 05:45:00,142.482,142.526,142.34,142.409
2022-09-13 06:00:00,142.408,142.45,142.31,142.386
2022-09-13 06:15:00,142.386,142.439,142.11,142.177
2022-09-13 06:30:00,142.173,142.227,142.02,142.212
2022-09-13 06:45:00,142.214,142.246,142.08,142.194
2022-09-13 07:00:00,142.192,142.358,142.16,142.348
2022-09-13 07:15:00,142.345,142.482,142.23,142.38
2022-09-13 07:30:00,142.381,142.421,142.269,142.28
2022-09-13 07:45:00,142.279,142.35,142.21,142.302
2022-09-13 08:00:00,142.299,142.345,142.18,142.251
2022-09-13 08:15:00,142.251,142.37,142.19,142.267
2022-09-13 08:30:00,142.266,142.411,142.23,142.384
2022-09-13 08:45:00,142.384,142.413,142.27,142.337
2022-09-13 09:00:00,142.337,142.346,142.22,142.251
2022-09-13 09:15:00,142.25,142.329,142.15,142.311
2022-09-13 09:30:00,142.308,142.321,142.18,142.21
2022-09-13 09:45:00,142.211,142.274,142.14,142.245
2022-09-13 10:00:00,142.24,142.277,142.18,142.22
2022-09-13 10:15:00,142.22,142.263,142.15,142.221
2022-09-13 10:30:00,142.221,142.23,142.12,142.201
2022-09-13 10:45:00,142.202,142.233,142.12,142.18
2022-09-13 11:00:00,142.185,142.195,142.0,142.077
2022-09-13 11:15:00,142.078,142.091,141.94,142.011
2022-09-13 11:30:00,142.011,142.061,141.85,141.952
2022-09-13 11:45:00,141.956,142.024,141.86,142.008
2022-09-13 12:00:00,142.007,142.073,141.97,142.04
2022-09-13 12:15:00,142.041,142.122,141.95,142.018
2022-09-13 12:30:00,142.014,142.032,141.598,141.91
2022-09-13 12:45:00,141.847,144.069,141.835,143.925
2022-09-13 13:00:00,143.924,144.449,143.8,144.4
2022-09-13 13:15:00,144.408,144.686,144.27,144.602
2022-09-13 13:30:00,144.602,144.652,144.13,144.323
2022-09-13 13:45:00,144.324,144.332,143.77,143.906
2022-09-13 14:00:00,143.907,144.137,143.77,144.115
2022-09-13 14:15:00,144.114,144.232,143.85,144.053
2022-09-13 14:30:00,144.058,144.147,143.91,144.074
2022-09-13 14:45:00,144.076,144.178,143.98,144.172
2022-09-13 15:00:00,144.172,144.254,144.05,144.22
2022-09-13 15:15:00,144.222,144.341,144.16,144.291
2022-09-13 15:30:00,144.292,144.329,144.16,144.221
2022-09-13 15:45:00,144.224,144.245,144.13,144.195
2022-09-13 16:00:00,144.195,144.334,144.16,144.313
2022-09-13 16:15:00,144.318,144.433,144.27,144.314
2022-09-13 16:30:00,144.315,144.487,144.27,144.467
2022-09-13 16:45:00,144.467,144.489,144.3,144.339
2022-09-13 17:00:00,144.339,144.395,144.25,144.304
2022-09-13 17:15:00,144.3,144.321,144.15,144.179
2022-09-13 17:30:00,144.173,144.26,144.1,144.166
2022-09-13 17:45:00,144.165,144.401,144.14,144.382
2022-09-13 18:00:00,144.384,144.472,144.33,144.426
2022-09-13 18:15:00,144.425,144.494,144.3,144.351
2022-09-13 18:30:00,144.352,144.367,144.25,144.27
2022-09-13 18:45:00,144.289,144.386,144.26,144.376
2022-09-13 19:00:00,144.37,144.432,144.34,144.405
2022-09-13 19:15:00,144.405,144.465,144.31,144.447
2022-09-13 19:30:00,144.449,144.459,144.4,144.439
2022-09-13 19:45:00,144.44,144.497,144.38,144.477
2022-09-13 20:00:00,144.45,144.51,144.44,144.47
2022-09-13 20:15:00,144.473,144.55,144.45,144.527
2022-09-13 20:30:00,144.526,144.593,144.48,144.573
2022-09-13 20:45:00,144.573,144.577,144.44,144.5
2022-09-13 21:00:00,144.502,144.58,144.46,144.554
2022-09-13 21:15:00,144.546,144.62,144.51,144.55
2022-09-13 21:30:00,144.54,144.58,144.505,144.559
2022-09-13 21:45:00,144.563,144.63,144.53,144.562
2022-09-13 22:00:00,144.561,144.71,144.537,144.683
2022-09-13 22:15:00,144.689,144.964,144.654,144.89
2022-09-13 22:30:00,144.887,144.887,144.67,144.754
2022-09-13 22:45:00,144.753,144.869,144.71,144.777
2022-09-13 23:00:00,144.777,144.869,144.73,144.865
2022-09-13 23:15:00,144.866,144.936,144.76,144.877
2022-09-13 23:30:00,144.881,144.911,144.77,144.804
2022-09-13 23:45:00,144.806,144.816,144.29,144.383
2022-09-14 00:00:00,144.381,144.565,144.34,144.455
2022-09-14 00:15:00,144.453,144.572,144.32,144.517
2022-09-14 00:30:00,144.515,144.67,144.47,144.512
2022-09-14 00:45:00,144.513,144.616,144.06,144.192
2022-09-14 01:00:00,144.195,144.483,144.12,144.413
2022-09-14 01:15:00,144.415,144.767,144.37,144.738
2022-09-14 01:30:00,144.742,144.832,144.67,144.724
2022-09-14 01:45:00,144.72,144.85,144.59,144.635
2022-09-14 02:00:00,144.636,144.689,144.48,144.532
2022-09-14 02:15:00,144.532,144.547,144.34,144.379
2022-09-14 02:30:00,144.384,144.484,144.35,144.482
2022-09-14 02:45:00,144.479,144.518,144.31,144.344
2022-09-14 03:00:00,144.349,144.439,144.31,144.376
2022-09-14 03:15:00,144.386,144.532,144.35,144.5
2022-09-14 03:30:00,144.506,144.57,144.37,144.393
2022-09-14 03:45:00,144.394,144.424,144.19,144.347
2022-09-14 04:00:00,144.352,144.48,144.32,144.409
2022-09-14 04:15:00,144.409,144.445,144.3,144.417
2022-09-14 04:30:00,144.4,144.419,144.3,144.35
2022-09-14 04:45:00,144.354,144.359,143.649,143.852
2022-09-14 05:00:00,143.854,143.963,143.73,143.866
2022-09-14 05:15:00,143.866,143.914,143.51,143.65
2022-09-14 05:30:00,143.649,143.783,143.61,143.7
2022-09-14 05:45:00,143.7,143.847,143.68,143.841
2022-09-14 06:00:00,143.843,143.906,143.71,143.831
2022-09-14 06:15:00,143.835,143.861,143.57,143.68
2022-09-14 06:30:00,143.69,143.835,143.63,143.688
2022-09-14 06:45:00,143.691,143.735,143.5,143.703
2022-09-14 07:00:00,143.703,143.706,143.53,143.617
2022-09-14 07:15:00,143.615,143.637,143.28,143.435
2022-09-14 07:30:00,143.431,143.625,143.28,143.521
2022-09-14 07:45:00,143.52,143.613,143.35,143.386
2022-09-14 08:00:00,143.388,143.508,143.24,143.31
2022-09-14 08:15:00,143.316,143.346,142.87,143.021
2022-09-14 08:30:00,143.02,143.14,142.93,143.11
2022-09-14 08:45:00,143.108,143.253,142.89,143.225
2022-09-14 09:00:00,143.232,143.449,143.18,143.34
2022-09-14 09:15:00,143.338,143.474,143.31,143.372
2022-09-14 09:30:00,143.372,143.726,143.26,143.47
2022-09-14 09:45:00,143.467,143.5,143.15,143.301
2022-09-14 10:00:00,143.3,143.335,143.0,143.089
2022-09-14 10:15:00,143.09,143.229,143.05,143.16
2022-09-14 10:30:00,143.155,143.192,142.95,143.038
2022-09-14 10:45:00,143.034,143.227,142.87,143.212
2022-09-14 11:00:00,143.208,143.27,143.07,143.264
2022-09-14 11:15:00,143.264,143.305,143.17,143.213
2022-09-14 11:30:00,143.215,143.429,143.14,143.377
2022-09-14 11:45:00,143.374,143.398,143.23,143.305
2022-09-14 12:00:00,143.305,143.48,143.27,143.384
2022-09-14 12:15:00,143.382,143.393,143.14,143.225
2022-09-14 12:30:00,143.224,143.334,143.13,143.287
2022-09-14 12:45:00,143.29,143.52,142.8,142.902
2022-09-14 13:00:00,142.902,143.046,142.84,143.022
2022-09-14 13:15:00,143.02,143.095,142.58,142.64
2022-09-14 13:30:00,142.642,142.88,142.57,142.859
2022-09-14 13:45:00,142.86,142.921,142.7,142.863
2022-09-14 14:00:00,142.864,142.949,142.8,142.889
2022-09-14 14:15:00,142.893,142.96,142.74,142.86
2022-09-14 14:30:00,142.86,142.915,142.65,142.766
2022-09-14 14:45:00,142.766,142.784,142.55,142.633
2022-09-14 15:00:00,142.634,142.708,142.53,142.634
2022-09-14 15:15:00,142.634,142.745,142.52,142.727
2022-09-14 15:30:00,142.728,142.774,142.59,142.769
2022-09-14 15:45:00,142.775,142.855,142.72,142.826
2022-09-14 16:00:00,142.829,142.947,142.79,142.927
2022-09-14 16:15:00,142.92,142.947,142.82,142.871
2022-09-14 16:30:00,142.866,142.916,142.82,142.883
2022-09-14 16:45:00,142.86,142.9,142.8,142.841
2022-09-14 17:00:00,142.843,142.936,142.81,142.931
2022-09-14 17:15:00,142.927,143.07,142.89,143.051
2022-09-14 17:30:00,143.05,143.09,143.02,143.05
2022-09-14 17:45:00,143.048,143.052,142.92,142.97
2022-09-14 18:00:00,142.979,143.169,142.95,143.134
2022-09-14 18:15:00,143.136,143.168,143.05,143.089
2022-09-14 18:30:00,143.091,143.15,143.06,143.124
2022-09-14 18:45:00,143.124,143.157,143.02,143.04
2022-09-14 19:00:00,143.061,143.129,143.03,143.119
2022-09-14 19:15:00,143.123,143.222,143.09,143.187
2022-09-14 19:30:00,143.185,143.196,143.1,143.155
2022-09-14 19:45:00,143.155,143.204,143.13,143.15
2022-09-14 20:00:00,143.179,143.212,143.12,143.188
2022-09-14 20:15:00,143.184,143.215,143.14,143.169
2022-09-14 20:30:00,143.175,143.179,143.12,143.162
2022-09-14 20:45:00,143.161,143.166,143.12,143.154
2022-09-14 21:00:00,143.154,143.194,143.111,143.134
2022-09-14 21:15:00,143.088,143.153,142.9,143.099
2022-09-14 21:30:00,143.12,143.17,143.085,143.121
2022-09-14 21:45:00,143.14,143.17,143.096,143.147
2022-09-14 22:00:00,143.123,143.158,143.09,143.121
2022-09-14 22:15:00,143.121,143.14,142.883,143.018
2022-09-14 22:30:00,143.016,143.067,142.95,143.02
2022-09-14 22:45:00,143.02,143.108,142.98,143.073
2022-09-14 23:00:00,143.074,143.084,142.98,143.045
2022-09-14 23:15:00,143.047,143.087,142.89,142.944
2022-09-14 23:30:00,142.94,142.954,142.77,142.835
2022-09-14 23:45:00,142.834,142.86,142.77,142.859
2022-09-15 00:00:00,142.858,142.934,142.83,142.919
2022-09-15 00:15:00,142.92,143.153,142.88,143.135
2022-09-15 00:30:00,143.136,143.14,142.99,143.049
2022-09-15 00:45:00,143.05,143.124,142.98,143.037
2022-09-15 01:00:00,143.039,143.272,142.98,143.135
2022-09-15 01:15:00,143.133,143.192,143.01,143.05
2022-09-15 01:30:00,143.049,143.058,142.89,143.011
2022-09-15 01:45:00,143.011,143.072,142.92,143.007
2022-09-15 02:00:00,143.011,143.057,142.92,142.972
2022-09-15 02:15:00,142.973,143.182,142.94,143.17
2022-09-15 02:30:00,143.18,143.438,143.15,143.296
2022-09-15 02:45:00,143.296,143.343,143.19,143.258
2022-09-15 03:00:00,143.258,143.335,143.18,143.298
2022-09-15 03:15:00,143.285,143.417,143.28,143.374
2022-09-15 03:30:00,143.376,143.493,143.34,143.439
2022-09-15 03:45:00,143.439,143.466,143.34,143.367
2022-09-15 04:00:00,143.368,143.426,143.31,143.39
2022-09-15 04:15:00,143.409,143.416,143.29,143.319
2022-09-15 04:30:00,143.319,143.453,143.27,143.34
2022-09-15 04:45:00,143.34,143.391,143.28,143.353
2022-09-15 05:00:00,143.353,143.574,143.32,143.492
2022-09-15 05:15:00,143.492,143.584,143.46,143.553
2022-09-15 05:30:00,143.547,143.61,143.47,143.56
2022-09-15 05:45:00,143.558,143.699,143.52,143.603
2022-09-15 06:00:00,143.605,143.652,143.51,143.593
2022-09-15 06:15:00,143.595,143.647,143.51,143.568
2022-09-15 06:30:00,143.563,143.7,143.53,143.566
2022-09-15 06:45:00,143.56,143.743,143.53,143.679
2022-09-15 07:00:00,143.679,143.771,143.62,143.676
2022-09-15 07:15:00,143.68,143.8,143.65,143.777
2022-09-15 07:30:00,143.779,143.802,143.56,143.62
2022-09-15 07:45:00,143.622,143.633,143.47,143.583
2022-09-15 08:00:00,143.584,143.627,143.5,143.563
2022-09-15 08:15:00,143.569,143.679,143.49,143.519
2022-09-15 08:30:00,143.523,143.649,143.49,143.635
2022-09-15 08:45:00,143.634,143.642,143.49,143.547
2022-09-15 09:00:00,143.547,143.567,143.3,143.431
2022-09-15 09:15:00,143.43,143.498,143.38,143.481
2022-09-15 09:30:00,143.482,143.495,143.24,143.321
2022-09-15 09:45:00,143.321,143.33,143.19,143.325
2022-09-15 10:00:00,143.319,143.345,143.23,143.303
2022-09-15 10:15:00,143.304,143.402,143.23,143.399
2022-09-15 10:30:00,143.396,143.457,143.34,143.44
2022-09-15 10:45:00,143.45,143.616,143.42,143.577
2022-09-15 11:00:00,143.573,143.576,143.39,143.478
2022-09-15 11:15:00,143.483,143.487,143.36,143.407
2022-09-15 11:30:00,143.409,143.419,143.26,143.349
2022-09-15 11:45:00,143.347,143.476,143.3,143.474
2022-09-15 12:00:00,143.469,143.535,143.36,143.51
2022-09-15 12:15:00,143.511,143.597,143.46,143.539
2022-09-15 12:30:00,143.543,143.685,143.51,143.601
2022-09-15 12:45:00,143.609,143.722,143.32,143.36
2022-09-15 13:00:00,143.385,143.472,143.12,143.32
2022-09-15 13:15:00,143.32,143.46,143.26,143.383
2022-09-15 13:30:00,143.383,143.53,143.26,143.488
2022-09-15 13:45:00,143.49,143.567,143.32,143.385
2022-09-15 14:00:00,143.384,143.454,143.21,143.266
2022-09-15 14:15:00,143.264,143.362,143.13,143.318
2022-09-15 14:30:00,143.319,143.419,143.23,143.413
2022-09-15 14:45:00,143.414,143.417,143.26,143.366
2022-09-15 15:00:00,143.363,143.526,143.31,143.464
2022-09-15 15:15:00,143.465,143.474,143.33,143.381
2022-09-15 15:30:00,143.38,143.446,143.32,143.424
2022-09-15 15:45:00,143.422,143.503,143.38,143.416
2022-09-15 16:00:00,143.416,143.596,143.38,143.571
2022-09-15 16:15:00,143.572,143.606,143.52,143.573
2022-09-15 16:30:00,143.572,143.593,143.45,143.526
2022-09-15 16:45:00,143.526,143.541,143.42,143.491
2022-09-15 17:00:00,143.48,143.52,143.45,143.492
2022-09-15 17:15:00,143.491,143.5,143.39,143.438
2022-09-15 17:30:00,143.439,143.449,143.31,143.348
2022-09-15 17:45:00,143.349,143.378,143.31,143.353
2022-09-15 18:00:00,143.356,143.402,143.3,143.391
2022-09-15 18:15:00,143.391,143.441,143.35,143.429
2022-09-15 18:30:00,143.428,143.471,143.39,143.432
2022-09-15 18:45:00,143.433,143.482,143.39,143.458
2022-09-15 19:00:00,143.459,143.487,143.38,143.486
2022-09-15 19:15:00,143.487,143.524,143.4,143.521
2022-09-15 19:30:00,143.52,143.547,143.47,143.511
2022-09-15 19:45:00,143.51,143.556,143.48,143.539
2022-09-15 20:00:00,143.541,143.541,143.43,143.456
2022-09-15 20:15:00,143.456,143.472,143.41,143.43
2022-09-15 20:30:00,143.454,143.478,143.4,143.442
2022-09-15 20:45:00,143.442,143.501,143.41,143.49
2022-09-15 21:00:00,143.492,143.526,143.44,143.509
2022-09-15 21:15:00,143.5,143.525,143.435,143.454
2022-09-15 21:30:00,143.44,143.494,143.431,143.47
2022-09-15 21:45:00,143.468,143.49,143.444,143.49
2022-09-15 22:00:00,143.471,143.483,143.426,143.474
2022-09-15 22:15:00,143.472,143.53,143.38,143.4
2022-09-15 22:30:00,143.4,143.422,143.32,143.37
2022-09-15 22:45:00,143.369,143.393,143.32,143.376
2022-09-15 23:00:00,143.378,143.436,143.33,143.35
2022-09-15 23:15:00,143.357,143.411,143.29,143.346
2022-09-15 23:30:00,143.346,143.358,143.27,143.327
2022-09-15 23:45:00,143.32,143.407,143.29,143.378
2022-09-16 00:00:00,143.376,143.404,143.31,143.339
2022-09-16 00:15:00,143.338,143.398,143.16,143.248
2022-09-16 00:30:00,143.245,143.282,142.96,143.024
2022-09-16 00:45:00,143.024,143.083,142.86,142.904
2022-09-16 01:00:00,142.906,143.05,142.81,143.002
2022-09-16 01:15:00,143.003,143.044,142.83,142.938
2022-09-16 01:30:00,142.939,143.094,142.87,143.087
2022-09-16 01:45:00,143.088,143.177,143.05,143.14
2022-09-16 02:00:00,143.141,143.307,143.11,143.22
2022-09-16 02:15:00,143.227,143.274,143.18,143.198
2022-09-16 02:30:00,143.201,143.339,143.15,143.328
2022-09-16 02:45:00,143.327,143.407,143.25,143.403
2022-09-16 03:00:00,143.4,143.496,143.37,143.445
2022-09-16 03:15:00,143.45,143.45,143.33,143.368
2022-09-16 03:30:00,143.368,143.408,143.31,143.36
2022-09-16 03:45:00,143.368,143.473,143.34,143.39
2022-09-16 04:00:00,143.39,143.423,143.34,143.366
2022-09-16 04:15:00,143.364,143.387,143.29,143.383
2022-09-16 04:30:00,143.381,143.393,143.29,143.32
2022-09-16 04:45:00,143.326,143.337,143.21,143.265
2022-09-16 05:00:00,143.264,143.291,143.19,143.283
2022-09-16 05:15:00,143.282,143.361,143.24,143.35
2022-09-16 05:30:00,143.35,143.375,143.29,143.327
2022-09-16 05:45:00,143.333,143.444,143.29,143.422
2022-09-16 06:00:00,143.422,143.627,143.37,143.545
2022-09-16 06:15:00,143.542,143.645,143.49,143.521
2022-09-16 06:30:00,143.521,143.585,143.42,143.58
2022-09-16 06:45:00,143.58,143.686,143.54,143.631
2022-09-16 07:00:00,143.631,143.692,143.54,143.583
2022-09-16 07:15:00,143.58,143.605,143.39,143.429
2022-09-16 07:30:00,143.434,143.444,143.2,143.314
2022-09-16 07:45:00,143.319,143.395,143.25,143.381
2022-09-16 08:00:00,143.385,143.51,143.36,143.452
2022-09-16 08:15:00,143.451,143.47,143.33,143.4
2022-09-16 08:30:00,143.4,143.495,143.25,143.281
2022-09-16 08:45:00,143.281,143.403,143.23,143.403
2022-09-16 09:00:00,143.402,143.406,143.28,143.356
2022-09-16 09:15:00,143.356,143.384,143.24,143.277
2022-09-16 09:30:00,143.273,143.289,143.16,143.248
2022-09-16 09:45:00,143.245,143.304,143.12,143.3
2022-09-16 10:00:00,143.295,143.365,143.27,143.315
2022-09-16 10:15:00,143.312,143.356,143.24,143.286
2022-09-16 10:30:00,143.286,143.301,143.2,143.267
2022-09-16 10:45:00,143.268,143.3,143.19,143.243
2022-09-16 11:00:00,143.245,143.247,143.12,143.203
2022-09-16 11:15:00,143.207,143.266,143.1,143.23
2022-09-16 11:30:00,143.23,143.246,143.08,143.111
2022-09-16 11:45:00,143.114,143.163,142.92,143.034
2022-09-16 12:00:00,143.034,143.092,142.99,143.078
2022-09-16 12:15:00,143.077,143.195,143.03,143.192
2022-09-16 12:30:00,143.186,143.205,143.1,143.142
2022-09-16 12:45:00,143.136,143.223,143.07,143.169
2022-09-16 13:00:00,143.166,143.318,143.13,143.296
2022-09-16 13:15:00,143.289,143.358,143.16,143.221
2022-09-16 13:30:00,143.221,143.302,143.11,143.16
2022-09-16 13:45:00,143.161,143.195,143.05,143.159
2022-09-16 14:00:00,143.165,143.256,143.08,143.146
2022-09-16 14:15:00,143.146,143.158,142.9,142.991
2022-09-16 14:30:00,142.995,143.101,142.94,142.98
2022-09-16 14:45:00,142.978,143.029,142.84,142.969
2022-09-16 15:00:00,142.968,143.06,142.84,142.96
2022-09-16 15:15:00,142.96,143.087,142.88,143.082
2022-09-16 15:30:00,143.08,143.094,142.84,142.986
2022-09-16 15:45:00,142.983,143.018,142.91,143.001
2022-09-16 16:00:00,143.004,143.063,142.91,143.038
2022-09-16 16:15:00,143.038,143.063,142.87,142.958
2022-09-16 16:30:00,142.96,143.026,142.9,143.019
2022-09-16 16:45:00,143.017,143.055,142.97,143.044
2022-09-16 17:00:00,143.042,143.048,142.98,143.03
2022-09-16 17:15:00,143.029,143.054,142.91,142.946
2022-09-16 17:30:00,142.946,143.016,142.91,143.003
2022-09-16 17:45:00,142.999,143.015,142.94,143.013
2022-09-16 18:00:00,143.011,143.04,142.96,143.04
2022-09-16 18:15:00,143.037,143.041,142.94,142.978
2022-09-16 18:30:00,142.979,142.995,142.89,142.918
2022-09-16 18:45:00,142.916,142.954,142.85,142.887
2022-09-16 19:00:00,142.888,142.972,142.86,142.958
2022-09-16 19:15:00,142.961,142.987,142.85,142.9
2022-09-16 19:30:00,142.909,142.941,142.84,142.882
2022-09-16 19:45:00,142.879,142.906,142.82,142.862
2022-09-16 20:00:00,142.862,142.913,142.83,142.905
2022-09-16 20:15:00,142.907,142.963,142.87,142.946
2022-09-16 20:30:00,142.93,142.959,142.89,142.921
2022-09-16 20:45:00,142.921,142.989,142.9,142.958
2022-09-16 21:00:00,142.955,142.98,142.869,142.882
2022-09-16 21:15:00,142.873,142.91,142.873,142.906
2022-09-16 21:30:00,142.906,142.906,142.906,142.906
2022-09-16 21:45:00,142.906,142.906,142.906,142.906
2022-09-18 22:15:00,142.898,143.069,142.894,143.04
2022-09-18 22:30:00,143.04,143.119,143.0,143.111
2022-09-18 22:45:00,143.108,143.123,142.91,142.936
2022-09-18 23:00:00,142.943,142.989,142.78,142.851
2022-09-18 23:15:00,142.85,142.955,142.8,142.932
2022-09-18 23:30:00,142.933,142.95,142.79,142.848
2022-09-18 23:45:00,142.851,142.866,142.62,142.69
2022-09-19 00:00:00,142.69,142.773,142.61,142.758
2022-09-19 00:15:00,142.759,142.851,142.66,142.787
2022-09-19 00:30:00,142.79,142.873,142.75,142.851
2022-09-19 00:45:00,142.855,142.994,142.79,142.958
2022-09-19 01:00:00,142.961,142.988,142.9,142.91
2022-09-19 01:15:00,142.931,142.985,142.88,142.965
2022-09-19 01:30:00,142.965,143.029,142.88,142.922
2022-09-19 01:45:00,142.924,142.988,142.89,142.978
2022-09-19 02:00:00,142.978,143.137,142.96,143.131
2022-09-19 02:15:00,143.129,143.214,143.08,143.183
2022-09-19 02:30:00,143.185,143.205,143.1,143.132
2022-09-19 02:45:00,143.134,143.159,143.06,143.137
2022-09-19 03:00:00,143.137,143.153,143.04,143.066
2022-09-19 03:15:00,143.07,143.146,143.03,143.144
2022-09-19 03:30:00,143.142,143.16,143.08,143.137
2022-09-19 03:45:00,143.148,143.196,143.12,143.17
2022-09-19 04:00:00,143.178,143.2,143.14,143.171
2022-09-19 04:15:00,143.173,143.176,143.1,143.149
2022-09-19 04:30:00,143.153,143.17,143.11,143.16
2022-09-19 04:45:00,143.164,143.171,143.11,143.157
2022-09-19 05:00:00,143.157,143.233,143.11,143.225
2022-09-19 05:15:00,143.225,143.275,143.2,143.24
2022-09-19 05:30:00,143.243,143.282,143.2,143.276
2022-09-19 05:45:00,143.277,143.3,143.24,143.288
2022-09-19 06:00:00,143.291,143.293,143.21,143.244
2022-09-19 06:15:00,143.247,143.368,143.19,143.35
2022-09-19 06:30:00,143.35,143.363,143.26,143.312
2022-09-19 06:45:00,143.313,143.327,143.24,143.3
2022-09-19 07:00:00,143.299,143.303,143.21,143.292
2022-09-19 07:15:00,143.296,143.378,143.21,143.371
2022-09-19 07:30:00,143.367,143.458,143.29,143.447
2022-09-19 07:45:00,143.448,143.475,143.38,143.465
2022-09-19 08:00:00,143.467,143.546,143.42,143.51
2022-09-19 08:15:00,143.512,143.539,143.44,143.48
2022-09-19 08:30:00,143.48,143.497,143.36,143.426
2022-09-19 08:45:00,143.425,143.461,143.33,143.362
2022-09-19 09:00:00,143.364,143.483,143.34,143.467
2022-09-19 09:15:00,143.47,143.474,143.39,143.43
2022-09-19 09:30:00,143.431,143.499,143.39,143.466
2022-09-19 09:45:00,143.462,143.467,143.39,143.45
2022-09-19 10:00:00,143.452,143.501,143.41,143.494
2022-09-19 10:15:00,143.49,143.54,143.44,143.539
2022-09-19 10:30:00,143.538,143.572,143.47,143.508
2022-09-19 10:45:00,143.508,143.531,143.44,143.519
2022-09-19 11:00:00,143.51,143.521,143.36,143.43
2022-09-19 11:15:00,143.438,143.526,143.39,143.434
2022-09-19 11:30:00,143.433,143.636,143.4,143.607
2022-09-19 11:45:00,143.611,143.627,143.51,143.59
2022-09-19 12:00:00,143.6,143.643,143.53,143.624
2022-09-19 12:15:00,143.626,143.644,143.52,143.565
2022-09-19 12:30:00,143.562,143.578,143.42,143.507
2022-09-19 12:45:00,143.506,143.537,143.36,143.438
2022-09-19 13:00:00,143.439,143.484,143.39,143.473
2022-09-19 13:15:00,143.475,143.478,143.27,143.378
2022-09-19 13:30:00,143.378,143.482,143.31,143.47
2022-09-19 13:45:00,143.467,143.542,143.41,143.456
2022-09-19 14:00:00,143.457,143.525,143.38,143.513
2022-09-19 14:15:00,143.516,143.587,143.42,143.507
2022-09-19 14:30:00,143.507,143.539,143.38,143.44
2022-09-19 14:45:00,143.438,143.451,143.33,143.403
2022-09-19 15:00:00,143.409,143.413,143.26,143.305
2022-09-19 15:15:00,143.305,143.316,143.14,143.196
2022-09-19 15:30:00,143.191,143.284,143.17,143.24
2022-09-19 15:45:00,143.244,143.331,143.22,143.313
2022-09-19 16:00:00,143.318,143.373,143.27,143.34
2022-09-19 16:15:00,143.344,143.349,143.23,143.27
2022-09-19 16:30:00,143.273,143.279,143.18,143.216
2022-09-19 16:45:00,143.212,143.283,143.17,143.258
2022-09-19 17:00:00,143.26,143.27,143.19,143.233
2022-09-19 17:15:00,143.232,143.232,143.13,143.2
2022-09-19 17:30:00,143.218,143.234,143.18,143.21
2022-09-19 17:45:00,143.213,143.317,143.18,143.314
2022-09-19 18:00:00,143.312,143.361,143.26,143.357
2022-09-19 18:15:00,143.357,143.39,143.31,143.37
2022-09-19 18:30:00,143.376,143.383,143.31,143.365
2022-09-19 18:45:00,143.36,143.384,143.31,143.384
2022-09-19 19:00:00,143.38,143.386,143.23,143.264
2022-09-19 19:15:00,143.263,143.275,143.16,143.184
2022-09-19 19:30:00,143.184,143.25,143.15,143.247
2022-09-19 19:45:00,143.24,143.25,143.14,143.184
2022-09-19 20:00:00,143.18,143.224,143.12,143.171
2022-09-19 20:15:00,143.168,143.27,143.15,143.232
2022-09-19 20:30:00,143.233,143.275,143.2,143.247
2022-09-19 20:45:00,143.246,143.25,143.18,143.232
2022-09-19 21:00:00,143.235,143.239,143.17,143.193
2022-09-19 21:15:00,143.185,143.23,143.16,143.181
2022-09-19 21:30:00,143.19,143.21,143.152,143.201
2022-09-19 21:45:00,143.202,143.217,143.178,143.2
2022-09-19 22:00:00,143.209,143.25,143.178,143.236
2022-09-19 22:15:00,143.245,143.272,143.19,143.218
2022-09-19 22:30:00,143.216,143.252,143.18,143.243
2022-09-19 22:45:00,143.25,143.276,143.2,143.226
2022-09-19 23:00:00,143.224,143.234,143.17,143.227
2022-09-19 23:15:00,143.234,143.34,143.2,143.288
2022-09-19 23:30:00,143.288,143.291,143.21,143.268
2022-09-19 23:45:00,143.268,143.319,143.22,143.271
2022-09-20 00:00:00,143.276,143.297,143.17,143.182
2022-09-20 00:15:00,143.16,143.182,142.91,143.036
2022-09-20 00:30:00,143.039,143.103,142.93,143.041
2022-09-20 00:45:00,143.044,143.133,142.95,143.117
2022-09-20 01:00:00,143.124,143.262,143.08,143.183
2022-09-20 01:15:00,143.183,143.204,143.0,143.029
2022-09-20 01:30:00,143.035,143.078,142.92,143.059
2022-09-20 01:45:00,143.063,143.148,143.02,143.142
2022-09-20 02:00:00,143.146,143.246,143.09,143.235
2022-09-20 02:15:00,143.234,143.298,143.16,143.196
2022-09-20 02:30:00,143.2,143.212,143.09,143.122
2022-09-20 02:45:00,143.128,143.25,143.08,143.203
2022-09-20 03:00:00,143.201,143.226,143.04,143.09
2022-09-20 03:15:00,143.088,143.17,143.05,143.149
2022-09-20 03:30:00,143.15,143.174,143.07,143.103
2022-09-20 03:45:00,143.104,143.209,143.08,143.19
2022-09-20 04:00:00,143.189,143.217,143.11,143.185
2022-09-20 04:15:00,143.196,143.257,143.16,143.247
2022-09-20 04:30:00,143.245,143.383,143.19,143.344
2022-09-20 04:45:00,143.345,143.359,143.25,143.319
2022-09-20 05:00:00,143.316,143.346,143.26,143.291
2022-09-20 05:15:00,143.306,143.31,143.24,143.289
2022-09-20 05:30:00,143.285,143.352,143.26,143.29
2022-09-20 05:45:00,143.29,143.296,143.18,143.212
2022-09-20 06:00:00,143.211,143.288,143.19,143.281
2022-09-20 06:15:00,143.279,143.452,143.23,143.364
2022-09-20 06:30:00,143.36,143.388,143.26,143.301
2022-09-20 06:45:00,143.299,143.393,143.26,143.358
2022-09-20 07:00:00,143.359,143.398,143.31,143.389
2022-09-20 07:15:00,143.389,143.481,143.34,143.412
2022-09-20 07:30:00,143.413,143.448,143.34,143.419
2022-09-20 07:45:00,143.419,143.499,143.39,143.49
2022-09-20 08:00:00,143.487,143.556,143.42,143.466
2022-09-20 08:15:00,143.46,143.604,143.43,143.572
2022-09-20 08:30:00,143.576,143.751,143.53,143.668
2022-09-20 08:45:00,143.67,143.712,143.58,143.624
2022-09-20 09:00:00,143.62,143.682,143.58,143.654
2022-09-20 09:15:00,143.658,143.71,143.6,143.68
2022-09-20 09:30:00,143.678,143.818,143.66,143.773
2022-09-20 09:45:00,143.774,143.783,143.64,143.7
2022-09-20 10:00:00,143.7,143.76,143.65,143.686
2022-09-20 10:15:00,143.684,143.743,143.64,143.688
2022-09-20 10:30:00,143.691,143.726,143.51,143.569
2022-09-20 10:45:00,143.57,143.624,143.54,143.609
2022-09-20 11:00:00,143.613,143.641,143.51,143.618
2022-09-20 11:15:00,143.61,143.656,143.53,143.624
2022-09-20 11:30:00,143.627,143.639,143.47,143.524
2022-09-20 11:45:00,143.524,143.599,143.45,143.57
2022-09-20 12:00:00,143.593,143.625,143.51,143.625
2022-09-20 12:15:00,143.624,143.668,143.5,143.535
2022-09-20 12:30:00,143.53,143.694,143.47,143.633
2022-09-20 12:45:00,143.64,143.726,143.58,143.632
2022-09-20 13:00:00,143.63,143.728,143.54,143.681
2022-09-20 13:15:00,143.68,143.735,143.58,143.643
2022-09-20 13:30:00,143.64,143.879,143.6,143.853
2022-09-20 13:45:00,143.854,143.924,143.76,143.823
2022-09-20 14:00:00,143.825,143.837,143.68,143.734
2022-09-20 14:15:00,143.733,143.757,143.61,143.69
2022-09-20 14:30:00,143.72,143.748,143.63,143.706
2022-09-20 14:45:00,143.707,143.854,143.68,143.778
2022-09-20 15:00:00,143.779,143.828,143.68,143.725
2022-09-20 15:15:00,143.72,143.755,143.65,143.697
2022-09-20 15:30:00,143.698,143.752,143.66,143.744
2022-09-20 15:45:00,143.739,143.746,143.62,143.646
2022-09-20 16:00:00,143.649,143.691,143.59,143.641
2022-09-20 16:15:00,143.628,143.686,143.59,143.68
2022-09-20 16:30:00,143.68,143.7,143.62,143.63
2022-09-20 16:45:00,143.658,143.703,143.62,143.658
2022-09-20 17:00:00,143.65,143.676,143.57,143.601
2022-09-20 17:15:00,143.602,143.625,143.5,143.616
2022-09-20 17:30:00,143.611,143.655,143.57,143.64
2022-09-20 17:45:00,143.641,143.686,143.55,143.622
2022-09-20 18:00:00,143.62,143.664,143.56,143.632
2022-09-20 18:15:00,143.633,143.639,143.55,143.626
2022-09-20 18:30:00,143.621,143.659,143.59,143.643
2022-09-20 18:45:00,143.643,143.704,143.6,143.682
2022-09-20 19:00:00,143.681,143.701,143.6,143.662
2022-09-20 19:15:00,143.663,143.695,143.6,143.693
2022-09-20 19:30:00,143.691,143.707,143.62,143.659
2022-09-20 19:45:00,143.66,143.703,143.62,143.691
2022-09-20 20:00:00,143.691,143.697,143.62,143.675
2022-09-20 20:15:00,143.675,143.688,143.61,143.686
2022-09-20 20:30:00,143.682,143.726,143.64,143.7
2022-09-20 20:45:00,143.705,143.762,143.67,143.745
2022-09-20 21:00:00,143.743,143.752,143.69,143.736
2022-09-20 21:15:00,143.719,143.75,143.677,143.684
2022-09-20 21:30:00,143.685,143.73,143.604,143.696
2022-09-20 21:45:00,143.714,143.73,143.672,143.719
2022-09-20 22:00:00,143.711,143.737,143.685,143.722
2022-09-20 22:15:00,143.725,143.732,143.69,143.725
2022-09-20 22:30:00,143.726,143.74,143.7,143.72
2022-09-20 22:45:00,143.726,143.737,143.62,143.68
2022-09-20 23:00:00,143.683,143.699,143.62,143.62
2022-09-20 23:15:00,143.648,143.7,143.51,143.576
2022-09-20 23:30:00,143.583,143.625,143.55,143.6
2022-09-20 23:45:00,143.57,143.609,143.53,143.561
2022-09-21 00:00:00,143.561,143.627,143.53,143.582
2022-09-21 00:15:00,143.581,143.634,143.45,143.502
2022-09-21 00:30:00,143.503,143.654,143.46,143.55
2022-09-21 00:45:00,143.555,143.645,143.45,143.641
2022-09-21 01:00:00,143.641,143.757,143.59,143.72
2022-09-21 01:15:00,143.72,143.839,143.66,143.748
2022-09-21 01:30:00,143.746,143.809,143.69,143.742
2022-09-21 01:45:00,143.738,143.79,143.64,143.672
2022-09-21 02:00:00,143.674,143.708,143.62,143.68
2022-09-21 02:15:00,143.679,143.718,143.61,143.645
2022-09-21 02:30:00,143.648,143.68,143.6,143.676
2022-09-21 02:45:00,143.669,143.757,143.65,143.706
2022-09-21 03:00:00,143.704,143.778,143.67,143.766
2022-09-21 03:15:00,143.766,143.784,143.71,143.775
2022-09-21 03:30:00,143.772,143.878,143.75,143.825
2022-09-21 03:45:00,143.822,143.865,143.77,143.805
2022-09-21 04:00:00,143.809,143.849,143.74,143.835
2022-09-21 04:15:00,143.831,143.858,143.77,143.81
2022-09-21 04:30:00,143.806,143.878,143.76,143.852
2022-09-21 04:45:00,143.853,144.008,143.83,143.96
2022-09-21 05:00:00,143.958,144.055,143.89,144.019
2022-09-21 05:15:00,144.019,144.031,143.92,143.956
2022-09-21 05:30:00,143.956,143.981,143.88,143.954
2022-09-21 05:45:00,143.956,143.977,143.91,143.962
2022-09-21 06:00:00,143.965,144.077,143.91,143.956
2022-09-21 06:15:00,143.955,143.979,143.7,143.781
2022-09-21 06:30:00,143.783,143.806,143.58,143.645
2022-09-21 06:45:00,143.645,143.682,143.39,143.489
2022-09-21 07:00:00,143.486,143.71,143.45,143.6
2022-09-21 07:15:00,143.606,143.636,143.32,143.501
2022-09-21 07:30:00,143.503,143.553,143.38,143.48
2022-09-21 07:45:00,143.482,143.739,143.45,143.717
2022-09-21 08:00:00,143.71,143.746,143.61,143.741
2022-09-21 08:15:00,143.743,143.822,143.7,143.768
2022-09-21 08:30:00,143.769,143.797,143.68,143.797
2022-09-21 08:45:00,143.793,143.833,143.69,143.718
2022-09-21 09:00:00,143.722,143.751,143.64,143.745
2022-09-21 09:15:00,143.745,143.839,143.72,143.776
2022-09-21 09:30:00,143.778,143.873,143.76,143.861
2022-09-21 09:45:00,143.861,143.954,143.81,143.95
2022-09-21 10:00:00,143.949,143.962,143.82,143.87
2022-09-21 10:15:00,143.878,143.939,143.82,143.923
2022-09-21 10:30:00,143.923,143.958,143.84,143.872
2022-09-21 10:45:00,143.873,143.927,143.81,143.855
2022-09-21 11:00:00,143.852,143.927,143.83,143.912
2022-09-21 11:15:00,143.91,144.184,143.89,144.17
2022-09-21 11:30:00,144.164,144.207,144.08,144.135
2022-09-21 11:45:00,144.137,144.181,143.98,144.005
2022-09-21 12:00:00,143.995,144.108,143.99,144.072
2022-09-21 12:15:00,144.075,144.116,143.94,143.982
2022-09-21 12:30:00,143.981,144.077,143.93,144.029
2022-09-21 12:45:00,144.027,144.066,143.95,144.013
2022-09-21 13:00:00,144.012,144.069,143.9,143.982
2022-09-21 13:15:00,143.979,144.052,143.92,143.984
2022-09-21 13:30:00,143.982,144.028,143.91,143.954
2022-09-21 13:45:00,143.954,144.033,143.92,144.027
2022-09-21 14:00:00,144.025,144.049,143.91,144.041
2022-09-21 14:15:00,144.041,144.048,143.91,143.95
2022-09-21 14:30:00,143.949,144.006,143.85,143.985
2022-09-21 14:45:00,143.984,144.049,143.92,144.01
2022-09-21 15:00:00,144.012,144.094,143.93,144.064
2022-09-21 15:15:00,144.071,144.213,144.05,144.094
2022-09-21 15:30:00,144.093,144.163,144.05,144.129
2022-09-21 15:45:00,144.131,144.153,144.07,144.1
2022-09-21 16:00:00,144.105,144.17,144.07,144.14
2022-09-21 16:15:00,144.141,144.281,144.12,144.274
2022-09-21 16:30:00,144.279,144.308,144.21,144.305
2022-09-21 16:45:00,144.302,144.324,144.25,144.315
2022-09-21 17:00:00,144.315,144.397,144.25,144.39
2022-09-21 17:15:00,144.395,144.4,144.34,144.371
2022-09-21 17:30:00,144.367,144.396,144.31,144.354
2022-09-21 17:45:00,144.354,144.366,144.18,144.206
2022-09-21 18:00:00,144.211,144.25,144.04,144.227
2022-09-21 18:15:00,144.226,144.704,144.217,144.523
2022-09-21 18:30:00,144.524,144.561,144.25,144.363
2022-09-21 18:45:00,144.363,144.508,143.64,143.656
2022-09-21 19:00:00,143.655,143.913,143.38,143.491
2022-09-21 19:15:00,143.491,143.907,143.43,143.589
2022-09-21 19:30:00,143.595,143.804,143.49,143.746
2022-09-21 19:45:00,143.746,143.954,143.69,143.932
2022-09-21 20:00:00,143.934,144.054,143.82,143.863
2022-09-21 20:15:00,143.863,143.956,143.83,143.932
2022-09-21 20:30:00,143.927,144.0,143.88,143.98
2022-09-21 20:45:00,143.979,144.05,143.95,144.041
2022-09-21 21:00:00,144.046,144.11,143.98,144.065
2022-09-21 21:15:00,144.042,144.08,143.957,144.02
2022-09-21 21:30:00,143.983,144.09,143.954,144.063
2022-09-21 21:45:00,144.066,144.09,144.004,144.06
2022-09-21 22:00:00,144.057,144.074,144.023,144.068
2022-09-21 22:15:00,144.06,144.114,144.001,144.076
2022-09-21 22:30:00,144.075,144.187,144.04,144.16
2022-09-21 22:45:00,144.158,144.293,144.14,144.27
2022-09-21 23:00:00,144.269,144.437,144.26,144.379
2022-09-21 23:15:00,144.384,144.397,144.26,144.377
2022-09-21 23:30:00,144.38,144.498,144.36,144.48
2022-09-21 23:45:00,144.47,144.552,144.33,144.375
2022-09-22 00:00:00,144.371,144.424,144.16,144.242
2022-09-22 00:15:00,144.238,144.335,144.13,144.299
2022-09-22 00:30:00,144.299,144.32,144.17,144.276
2022-09-22 00:45:00,144.274,144.333,144.18,144.18
2022-09-22 01:00:00,144.215,144.467,144.12,144.42
2022-09-22 01:15:00,144.42,144.43,144.27,144.333
2022-09-22 01:30:00,144.334,144.411,144.27,144.296
2022-09-22 01:45:00,144.294,144.371,144.24,144.33
2022-09-22 02:00:00,144.332,144.489,144.3,144.426
2022-09-22 02:15:00,144.4,144.619,144.39,144.57
2022-09-22 02:30:00,144.572,144.577,144.42,144.486
2022-09-22 02:45:00,144.485,144.557,144.42,144.48
2022-09-22 03:00:00,144.48,145.397,143.497,144.556
2022-09-22 03:15:00,144.557,144.961,144.225,144.928
2022-09-22 03:30:00,144.934,144.945,144.79,144.85
2022-09-22 03:45:00,144.849,144.881,144.511,144.674
2022-09-22 04:00:00,144.681,144.877,144.65,144.853
2022-09-22 04:15:00,144.852,144.918,144.76,144.857
2022-09-22 04:30:00,144.863,144.945,144.62,144.708
2022-09-22 04:45:00,144.704,144.871,144.61,144.864
2022-09-22 05:00:00,144.867,144.896,144.71,144.803
2022-09-22 05:15:00,144.807,144.875,144.73,144.844
2022-09-22 05:30:00,144.842,144.903,144.75,144.812
2022-09-22 05:45:00,144.814,145.036,144.79,144.93
2022-09-22 06:00:00,144.922,145.042,144.86,144.926
2022-09-22 06:15:00,144.926,145.193,144.83,145.173
2022-09-22 06:30:00,145.18,145.355,145.13,145.203
2022-09-22 06:45:00,145.201,145.446,144.982,145.287
2022-09-22 07:00:00,145.29,145.676,145.22,145.653
2022-09-22 07:15:00,145.651,145.9,145.59,145.737
2022-09-22 07:30:00,145.732,145.84,145.67,145.74
2022-09-22 07:45:00,145.733,145.901,145.57,145.736
2022-09-22 08:00:00,145.734,145.783,145.58,145.776
2022-09-22 08:15:00,145.776,145.846,143.888,144.209
2022-09-22 08:30:00,144.207,144.227,142.46,142.835
2022-09-22 08:45:00,142.835,143.105,140.646,140.98
2022-09-22 09:00:00,140.98,142.244,140.66,142.081
2022-09-22 09:15:00,142.083,142.386,141.856,142.304
2022-09-22 09:30:00,142.309,142.618,142.2,142.288
2022-09-22 09:45:00,142.286,142.905,142.22,142.787
2022-09-22 10:00:00,142.79,143.398,142.699,143.202
2022-09-22 10:15:00,143.205,143.209,142.71,142.984
2022-09-22 10:30:00,142.983,143.07,142.77,142.886
2022-09-22 10:45:00,142.878,142.906,142.55,142.699
2022-09-22 11:00:00,142.698,142.74,142.34,142.497
2022-09-22 11:15:00,142.505,142.791,142.44,142.74
2022-09-22 11:30:00,142.74,142.812,142.59,142.807
2022-09-22 11:45:00,142.806,142.809,141.6,141.645
2022-09-22 12:00:00,141.658,142.005,141.22,141.248
2022-09-22 12:15:00,141.253,141.457,140.71,140.797
2022-09-22 12:30:00,140.804,141.135,140.47,140.72
2022-09-22 12:45:00,140.722,140.987,140.56,140.623
2022-09-22 13:00:00,140.622,140.796,140.33,140.719
2022-09-22 13:15:00,140.719,141.528,140.7,141.237
2022-09-22 13:30:00,141.235,141.566,141.14,141.392
2022-09-22 13:45:00,141.392,141.965,141.3,141.948
2022-09-22 14:00:00,141.948,142.041,141.67,141.899
2022-09-22 14:15:00,141.9,141.999,141.535,141.546
2022-09-22 14:30:00,141.548,141.8,141.18,141.643
2022-09-22 14:45:00,141.632,142.038,141.61,141.961
2022-09-22 15:00:00,141.964,142.191,141.89,142.033
2022-09-22 15:15:00,142.037,142.386,142.01,142.252
2022-09-22 15:30:00,142.249,142.358,142.14,142.24
2022-09-22 15:45:00,142.241,142.303,142.06,142.287
2022-09-22 16:00:00,142.28,142.292,141.86,142.159
2022-09-22 16:15:00,142.162,142.381,142.12,142.327
2022-09-22 16:30:00,142.317,142.412,142.24,142.276
2022-09-22 16:45:00,142.278,142.394,142.14,142.335
2022-09-22 17:00:00,142.334,142.443,142.25,142.357
2022-09-22 17:15:00,142.359,142.368,142.22,142.245
2022-09-22 17:30:00,142.256,142.262,142.06,142.1
2022-09-22 17:45:00,142.099,142.286,142.08,142.277
2022-09-22 18:00:00,142.282,142.334,142.25,142.296
2022-09-22 18:15:00,142.299,142.378,142.25,142.348
2022-09-22 18:30:00,142.35,142.376,142.27,142.288
2022-09-22 18:45:00,142.292,142.355,142.25,142.35
2022-09-22 19:00:00,142.351,142.505,142.33,142.486
2022-09-22 19:15:00,142.491,142.492,142.32,142.412
2022-09-22 19:30:00,142.415,142.46,142.3,142.33
2022-09-22 19:45:00,142.333,142.363,142.25,142.3
2022-09-22 20:00:00,142.3,142.366,142.26,142.347
2022-09-22 20:15:00,142.345,142.404,142.32,142.35
2022-09-22 20:30:00,142.348,142.433,142.3,142.352
2022-09-22 20:45:00,142.349,142.388,142.29,142.341
2022-09-22 21:00:00,142.352,142.419,142.289,142.374
2022-09-22 21:15:00,142.37,142.38,142.287,142.3
2022-09-22 21:30:00,142.318,142.38,142.287,142.369
2022-09-22 21:45:00,142.351,142.411,142.317,142.361
2022-09-22 22:00:00,142.359,142.392,142.286,142.303
2022-09-22 22:15:00,142.34,142.587,142.278,142.553
2022-09-22 22:30:00,142.556,142.567,142.3,142.47
2022-09-22 22:45:00,142.468,142.5,142.37,142.45
2022-09-22 23:00:00,142.451,142.48,142.37,142.436
2022-09-22 23:15:00,142.435,142.501,142.29,142.337
2022-09-22 23:30:00,142.34,142.419,142.26,142.3
2022-09-22 23:45:00,142.298,142.414,142.26,142.353
2022-09-23 00:00:00,142.356,142.393,142.22,142.268
2022-09-23 00:15:00,142.271,142.317,142.15,142.303
2022-09-23 00:30:00,142.301,142.445,142.26,142.334
2022-09-23 00:45:00,142.337,142.339,142.319,142.329
